D1,D2,D2_6_TEXT,D3,D3_9_TEXT,D4,D5,D6,D7,D7_2_TEXT,D8,D8_7_TEXT,D9,D9_10_TEXT,D10,D10_7_TEXT,BFIS1,BFIS2,BFIS3,BFIS4,BFIS5,BFIS6,BFIS7,BFIS8,BFIS9,BFIS10,BFIS11,BFIS12,BFIS13,BFIS14,BFIS15,Q649_First Click,Q649_Last Click,Q649_Page Submit,Q649_Click Count,Q650_First Click,Q650_Last Click,Q650_Page Submit,Q650_Click Count,SU Text,Timer_First Click,Timer_Last Click,Timer_Page Submit,Timer_Click Count,Control Text,SCC1,SCC2,SCC3,SCC4,SCC5,SCC6,SCC7,SCC8,SCC9,SCC10,SCC11,SCC12,Accurate_1,Accurate_2,Benevolent_1,Benevolent_2,Calm_1,Calm_2,Capable_1,Capable_2,Casual_1,Casual_2,Charitable_1,Charitable_2,Charming_1,Charming_2,Clean_1,Clean_2,Clean-cut_1,Clean-cut_2,Clear-headed_1,Clear-headed_2,Clever_1,Clever_2,Comfortable_1,Comfortable_2,Communicative_1,Communicative_2,Compassionate_1,Compassionate_2,Composed_1,Composed_2,Consice_1,Consice_2,Confident_1,Confident_2,Conscientious_1,Conscientious_2,Considerate_1,Considerate_2,Constructive_1,Constructive_2,Contemplative_1,Contemplative_2,Cooperative_1,Cooperative_2,Cordial_1,Cordial_2,Courageous_1,Courageous_2,Dedicated_1,Dedicated_2,Deep_1,Deep_2,Deliberate_1,Deliberate_2,Delicate_1,Delicate_2,Democratic_1,Democratic_2,Dependable_1,Dependable_2,Dignified_1,Dignified_2,Disciplined_1,Disciplined_2,Eager_1,Eager_2,Economical_1,Economical_2,Elegant_1,Elegant_2,Enthusiastic_1,Enthusiastic_2,Ethical_1,Ethical_2,Experienced_1,Experienced_2,Extraverted_1,Extraverted_2,Fair_1,Fair_2,Faithful_1,Faithful_2,Fearless_1,Fearless_2,Flexible_1,Flexible_2,Foresighted_1,Foresighted_2,Frank_1,Frank_2,Friendly_1,Friendly_2,Fun_1,Fun_2,Funny_1,Funny_2,Generous_1,Generous_2,Gentle_1,Gentle_2,Giving_1,Giving_2,Glad_1,Glad_2,Good_1,Good_2,Good-humored_1,Good-humored_2,Good-natured_1,Good-natured_2,Good-tempered_1,Good-tempered_2,Graceful_1,Graceful_2,Healthy_1,Healthy_2,Helpful_1,Helpful_2,Honest_1,Honest_2,Hospitable_1,Hospitable_2,Humble_1,Humble_2,Humorous_1,Humorous_2,Industrious_1,Industrious_2,Innocent_1,Innocent_2,Inquisitive_1,Inquisitive_2,Inventive_1,Inventive_2,Knowledgeable_1,Knowledgeable_2,Lenient_1,Lenient_2,Level-headed_1,Level-headed_2,Lively_1,Lively_2,Loyal_1,Loyal_2,Lucky_1,Lucky_2,Mathematical_1,Mathematical_2,Mature_1,Mature_2,Modern_1,Modern_2,Moral_1,Moral_2,Natural_1,Natural_2,Neat_1,Neat_2,Nice_1,Nice_2,Normal_1,Normal_2,Open-minded_1,Open-minded_2,Optimistic_1,Optimistic_2,Orderly_1,Orderly_2,Original_1,Original_2,Outgoing_1,Outgoing_2,Outspoken_1,Outspoken_2,Passionate_1,Passionate_2,Peaceful_1,Peaceful_2,Perfectionist_1,Perfectionist_2,Persevering_1,Persevering_2,Persistent_1,Persistent_2,Philosophical_1,Philosophical_2,Polished_1,Polished_2,Positive_1,Positive_2,Practical _1,Practical _2,Precise_1,Precise_2,Prideful_1,Prideful_2,Prompt_1,Prompt_2,Prudent_1,Prudent_2,Punctual_1,Punctual_2,Purposeful_1,Purposeful_2,Quick-witted_1,Quick-witted_2,Quiet_1,Quiet_2,Rational_1,Rational_2,Realistic_1,Realistic_2,Refined_1,Refined_2,Reserved_1,Reserved_2,Respectable_1,Respectable_2,Respectful_1,Respectful_2,Romantic_1,Romantic_2,Scientific_1,Scientific_2,Self Controlled_1,Self Controlled_2,Self Critical_1,Self Critical_2,Self- sufficient_1,Self- sufficient_2,Sensitive_1,Sensitive_2,Sentimental_1,Sentimental_2,Sincere_1,Sincere_2,Skillful_1,Skillful_2,Smart_1,Smart_2,sociable_1,sociable_2,Sophisticated_1,Sophisticated_2,Stable_1,Stable_2,Steady_1,Steady_2,Straightforward_1,Straightforward_2,Studious_1,Studious_2,Subtle_1,Subtle_2,Talkative_1,Talkative_2,Thoughtful_1,Thoughtful_2,Thrifty_1,Thrifty_2,Tough_1,Tough_2,Unafraid_1,Unafraid_2,Unassuming_1,Unassuming_2,Understanding_1,Understanding_2,Unenvious_1,Unenvious_2,Unprejudiced_1,Unprejudiced_2,Unpretentious_1,Unpretentious_2,Unselfish_1,Unselfish_2,Untiring_1,Untiring_2,Verbal_1,Verbal_2,Versatile_1,Versatile_2,Warm_1,Warm_2,Well-mannered_1,Well-mannered_2,Well-organized_1,Well-organized_2,Well-read_1,Well-read_2,Well-spoken_1,Well-spoken_2,Wise_1,Wise_2,Witty_1,Witty_2,Abrupt_1,Abrupt_2,Absent-minded_1,Absent-minded_2,Abusive_1,Abusive_2,Afraid_1,Afraid_2,Aimless_1,Aimless_2,Angry_1,Angry_2,Annoying_1,Annoying_2,Antisocial_1,Antisocial_2,Anxious_1,Anxious_2,Argumentative_1,Argumentative_2,Bitter_1,Bitter_2,Bland_1,Bland_2,Bossy_1,Bossy_2,Bragging_1,Bragging_2,Cheerless_1,Cheerless_2,Childish_1,Childish_2,Closed-minded_1,Closed-minded_2,Cluttered_1,Cluttered_2,Cold-hearted_1,Cold-hearted_2,Cowardly_1,Cowardly_2,Crude_1,Crude_2,Cruel_1,Cruel_2,Cunning_1,Cunning_2,Cynical_1,Cynical_2,Deceitful_1,Deceitful_2,Deceptive_1,Deceptive_2,Defensive_1,Defensive_2,Demanding_1,Demanding_2,Devious_1,Devious_2,Discourteous_1,Discourteous_2,Dishonest_1,Dishonest_2,Disturbed_1,Disturbed_2,Dominating_1,Dominating_2,Dull_1,Dull_2,Eccentric_1,Eccentric_2,Egotistical_1,Egotistical_2,Finicky_1,Finicky_2,Follower_1,Follower_2,Foolish_1,Foolish_2,Forgetful_1,Forgetful_2,Glum_1,Glum_2,Gossipy_1,Gossipy_2,Gullible_1,Gullible_2,Haphazard_1,Haphazard_2,Headstrong_1,Headstrong_2,Heartless_1,Heartless_2,Helpless_1,Helpless_2,High-strung_1,High-strung_2,Hostile_1,Hostile_2,Hot-headed_1,Hot-headed_2,Ignorant_1,Ignorant_2,Immodest_1,Immodest_2,Imperceptive_1,Imperceptive_2,Impersonal_1,Impersonal_2,Impolite_1,Impolite_2,Inaccurate_1,Inaccurate_2,Inconsiderate_1,Inconsiderate_2,Inconsistent_1,Inconsistent_2,Indecisive_1,Indecisive_2,Inelegant_1,Inelegant_2,Inhibited_1,Inhibited_2,Insolent_1,Insolent_2,Irresponsible_1,Irresponsible_2,Jittery_1,Jittery_2,Joyless_1,Joyless_2,Liar_1,Liar_2,Lifeless_1,Lifeless_2,Lonely_1,Lonely_2,Loud_1,Loud_2,Loud-mouthed_1,Loud-mouthed_2,Maladjusted_1,Maladjusted_2,Malicious_1,Malicious_2,Manipulative_1,Manipulative_2,Meddlesome_1,Meddlesome_2,Messy_1,Messy_2,Mischievous_1,Mischievous_2,Misfit_1,Misfit_2,Moody_1,Moody_2,Negative_1,Negative_2,Nervous_1,Nervous_2,Noncommittal_1,Noncommittal_2,Nonconfident_1,Nonconfident_2,Nonpersistent_1,Nonpersistent_2,Nosey_1,Nosey_2,Obnoxious_1,Obnoxious_2,Overcautious_1,Overcautious_2,Pessimistic_1,Pessimistic_2,Petty_1,Petty_2,Profane_1,Profane_2,Pushy_1,Pushy_2,Reckless_1,Reckless_2,Restless_1,Restless_2,Rigid_1,Rigid_2,Rough_1,Rough_2,Rowdy_1,Rowdy_2,Rude_1,Rude_2,Sarcastic_1,Sarcastic_2,Scheming_1,Scheming_2,Self-centered_1,Self-centered_2,Self-conscious_1,Self-conscious_2,Self-indulgent_1,Self-indulgent_2,Selfish_1,Selfish_2,Short-sighted_1,Short-sighted_2,Silent_1,Silent_2,Skeptical_1,Skeptical_2,Sly_1,Sly_2,Stereotyped_1,Stereotyped_2,Stern_1,Stern_2,Temperamental_1,Temperamental_2,Tense_1,Tense_2,Theatrical_1,Theatrical_2,Thoughtless_1,Thoughtless_2,Touchy_1,Touchy_2,Troublesome_1,Troublesome_2,Unadventurous_1,Unadventurous_2,Unambitious_1,Unambitious_2,Unappreciative_1,Unappreciative_2,Unattractive_1,Unattractive_2,Uncaring_1,Uncaring_2,Uncharitable_1,Uncharitable_2,Uncompromising_1,Uncompromising_2,Uneducated_1,Uneducated_2,Unforgiving_1,Unforgiving_2,Unfriendly_1,Unfriendly_2,Ungrateful_1,Ungrateful_2,Unhealthy_1,Unhealthy_2,Unimaginative_1,Unimaginative_2,Uninteresting_1,Uninteresting_2,Unjust_1,Unjust_2,Unkind_1,Unkind_2,Unobservant_1,Unobservant_2,Unpatriotic_1,Unpatriotic_2,Unpolished_1,Unpolished_2,Unpopular_1,Unpopular_2,Unproductive_1,Unproductive_2,Unscientific_1,Unscientific_2,Unsuccessful_1,Unsuccessful_2,Unsympathetic_1,Unsympathetic_2,Untidy_1,Untidy_2,Unwise_1,Unwise_2,Uptight_1,Uptight_2,Vague_1,Vague_2,Vain_1,Vain_2,Wasteful_1,Wasteful_2,Weak_1,Weak_2,Wishy-washy_1,Wishy-washy_2,Wordy_1,Wordy_2,Worrier_1,Worrier_2,AttCheck3,AttCheck6,RSE1,RSE2,RSE3,RSE4,RSE5,RSE6,RSE7,RSE8,RSE9,RSE10,SWLS_1,SWLS_2,SWLS_3,SWLS_4,SWLS_5,CESD1,CESD2,CESD3,check4,CESD4,CESD5,CESD6,CESD7,CESD8,CESD9,CESD10,CESD11,CESD12,CESD13,CESD14,CESD15,CESD16,CESD17,CESD18,CESD19,CESD20,NFC-6_1,NFC-6_2,NFC-6_3,NFC-6_4,NFC-6_5,NFC-6_6,DS_1,DS_2,DS_5,DS_6,DS_7,DS_8,DS_9,DS_10,DS_11,DS_12,DS_13,DS_15,DS_16,DS_17,MAIA.1_1,MAIA.1_2,MAIA.1_3,MAIA.1_4,MAIA.1_5,MAIA.1_6,MAIA.1_7,MAIA.1_8,MAIA.1_9,MAIA.1_10,MAIA.1_11,MAIA.1_12,MAIA.1_13,MAIA.1_14,MAIA.1_15,MAIA.1_16,MAIA.1_17,MAIA.1_18,MAIA.2_1,MAIA.2_2,MAIA.2_3,MAIA.2_4,MAIA.2_5,MAIA.2_6,MAIA.2_7,MAIA.2_8,MAIA.2_9,MAIA.2_10,MAIA.2_11,MAIA.2_12,MAIA.2_13,MAIA.2_14,MAIA.2_15,MAIA.2_16,MAIA.2_17,MAIA.2_18,MAIA.2_19,attentionCheckQ,Race_Id,Gender_Id,Political_Id,Sexual_Id,Q680,Student_Id,Unfam_Pos,Unfam_Neg,Off1,Off2,Off3,ConDeb,Off4_1,Off5,Off6,Comments,Serious,UnderstandIns,UnderstandTr,Usable,id,COND,NI_CB
20,,,2,,4,8,2,2,Hindi,,,,,,,,,,,,,,,,,,,,,,,,,,,,,,"education- not getting into schools 
finances- inflation increasing
my ability to be successful 
",43.583,192.577,193.467,13,,3,4,4,5,3,3,4,2,3,5,4,4,,,,,,,,,,,,,,,,,,,,,,,,,,,,,,,,,,,,,,,,,,,,,,,,,,,,,,,,,,,,,,,,,,,,,,,,,,,,,,,,,,,,,,,,,,,,,,,,,,,,,,,,,,,,,,,,,,,,,,,,,,,5,6,,,,,,,,,,,,,,,,,,,,,,,,,,,,,,,,,5,4,,,,,,,,,,,,,,,,,,,,,,,,,,,,,,,,,,,,,,,,,,,,,,,,,,,,,,,,,,,,,,,,,,,,4,,,5,4,,,,,5,5,,,,,,,,,,,,,,,,,,,,,5,5,,,,,,,,,,,,,,,,,,,,,,,,,,,,,,,,,,,,,,,,,,,,,,,,,,,,,,,,,,,,,,,,,,,,,,,,,,,,,,,,,,,,,,,,,,,,,,,,,,,,,,,,,,,,,,,,,,,,,,,,,5,4,,,,,,,,,,,,,,,,,,,,,,,,,,,,,,,,,,,,,,,,,,,,,,,,,,,,,,,,,,,,,,,,,,,,,,,,,,,,,,,,,,,,,,,,,,,,,,,,,,,,,,,,,,,,,,,,,,,,,,,,,,,,,,,,,,,,,,,,,,,,,,,,,,,,,,,,,,,,,,,,,,,,,,,,,,,,,,,,,,,,,,,,,,,,,,,,,,,,,,,,,,,,,,,,,,,,,3,6,,,,,,,,,,,,,,,,,,,,,,,,,,,,,,,,,,,,,,,,,,,,,,,,,,,,,,,,,,,,,,,,,,,,,,,,,,,5,5,5,5,5,5,5,5,4,3,4,4,4,4,4,4,4,4,4,,,,,,,,,,,,,,,,,,,,,,,SU,
22,,,2,,2,7,1,1,,,,,,,,,,,,,,,,,,,,,,,,,,,,,,,"1.
2.
3.
",1.67,234.306,234.835,22,,,,,,,,,,,,,,,,,,,,,,,,,,,,,,,,,,,,,,,,,,,,,,,,,,,,,,,,,,,,,,,,,,,,,,,,,,,,,,,,,,,,,,,,,,,,,,,,,,,,,,,,,,,,,,,,,,,,,,,,,,,,,,,,,,,,,,,,,,,,,,,,,,,,,,,,,,,,,,,,,,,,,,,,,,,,,,,,,,,,,,,,,,,,,,,,,,,,,,,,,,,,,,,,,,,,,,,,,,,,,,,,,,,,,,,,,,,,,,,,,,,,,,,,,,,,,,,,,,,,,,,,,,,,,,,,,,,,,,,,,,,,,,,,,,,,,,,,,,,,,,,,,,,,,,,,,,,,,,,,,,,,,,,,,,,,,,,,,,,,,,,,,,,,,,,,,,,,,,,,,,,,,,,,,,,,,,,,,,,,,,,,,,,,,,,,,,,,,,,,,,,,,,,,,,,,,,,,,,,,,,,,,,,,,,,,,,,,,,,,,,,,,,,,,,,,,,,,,,,,,,,,,,,,,,,,,,,,,,,,,,,,,,,,,,,,,,,,,,,,,,,,,,,,,,,,,,,,,,,,,,,,,,,,,,,,,,,,,,,,,,,,,,,,,,,,,,,,,,,,,,,,,,,,,,,,,,,,,,,,,,,,,,,,,,,,,,,,,,,,,,,,,,,,,,,,,,,,,,,,,,,2,1,3,2,2,3,3,3,3,1,3,2,,2,1,3,2,3,2,2,3,,,,,,,2,2,3,5,3,3,3,3,5,2,2,4,4,3,,,,,,,,,,,,,,,,,,,3,1,3,3,4,3,3,3,3,3,2,4,3,4,2,3,3,3,3,,,,,,,,,,,,,,,,,,,,,,,CONT,
20,,,1,,6,7,1,1,,,,,,,,,,,,,,,,,,,,,,,,,,,,,,,,,,,,"My career goals
My education 
My family",4,5,4,5,4,2,3,3,3,2,3,4,5,4,5,4,5,4,,,4,4,4,5,,,5,4,,,,,,,3,4,,,,,5,3,,,4,5,,,6,6,4,2,7,7,,,6,5,,,,,7,4,,,4,4,6,5,,,4,5,4,5,,,,,5,4,2,5,5,5,,,3,5,,,,,1,7,6,4,,,,,5,5,,,5,4,,,4,3,5,3,3,5,,,,,,,5,3,,,,,,,,,,,5,5,5,5,,,,,,,,,5,4,4,2,4,2,,,4,4,5,5,2,4,,,5,4,5,5,,,4,5,,,,,7,3,2,6,,,6,5,,,3,5,,,,,,,4,4,,,5,5,,,3,5,4,3,,,3,5,,,6,5,3,5,8,5,4,4,8,5,,,,,8,4,,,,,,,2,5,,,,,6,8,5,8,,,,,,,,,,,4,4,5,4,4,4,,,,,5,5,8,4,,,,,2,8,,,1,8,4,4,8,5,2,5,,,8,5,3,3,2,5,3,4,,,,,,,4,8,,,5,5,,,4,5,2,4,,,,,,,3,8,,,4,5,4,3,6,8,3,4,,,,,3,4,1,8,5,4,,,,,8,5,,,,,3,4,3,4,,,,,,,,,,,,,2,5,,,,,,,3,5,3,5,4,5,,,,,3,4,,,,,,,,,2,2,,,,,,,,,6,5,,,,,3,4,,,1,6,3,5,1,5,4,1,,,4,3,,,2,5,,,,,,,4,4,3,4,2,8,4,4,,,,,1,5,,,,,,,,,,,2,5,8,4,4,3,5,5,,,,,,,4,4,8,5,,,,,8,5,4,5,,,2,5,3,5,5,4,5,4,2,5,3,5,2,6,,,,,,,6,6,,,5,5,2,8,,,,,3,5,8,4,4,4,,,,,,,1,6,4,5,2,8,,,3,5,4,3,,,3,5,3,4,,,,,5,3,,,4,4,5,4,,,,,,,4,4,1,6,,,,,,,4,5,3,4,,,1,5,,,3,4,8,5,,,3,5,4,3,4,3,,,8,8,,,3,6,2,2,2,2,3,2,2,2,3,3,3,5,3,4,4,3,1,2,4,3,4,2,3,4,2,4,3,3,2,3,1,2,1,3,3,1,3,4,1,2,4,3,2,3,7,5,3,4,3,5,4,6,5,4,3,5,4,5,4,3,3,2,2,2,2,2,4,5,5,5,3,2,1,2,3,3,4,3,5,4,3,3,2,2,4,4,3,2,2,2,3,3,4,,,,,,,,,,,,,,,,,,,,,,,CONT,
21,1,,2,,4,2,1,2,,3,,4,,5,,,,,,,,,,,,,,,,,,,,,,,,,sdsdsdssdsdsssdsdsdsdsd,45.359,61.655,61.98,2,,,,,,,,,,,,,,,,,,,,,,,,,,,,,,,,,,,,,,,,,,,,,,,,,,,,,,,,,,,,,,,,,,,,,,,,,,,,,,,,,,,,,,,,,,,,,,,,,,,,,,,,,,,,,,,,,,,,,,,,,,,,,,,,,,,,,,,,,,,,,,,,,,,,,,,,,,,,,,,,,,,,,,,,,,,,,,,,,,,,,,,,,,,,,,,,,,,,,,,,,,,,,,,,,,,,,,,,,,,,,,,,,,,,,,,,,,,,,,,,,,,,,,,,,,,,,,,,,,,,,,,,,,,,,,,,,,,,,,,,,,,,,,,,,,,,,,,,,,,,,,,,,,,,,,,,,,,,,,,,,,,,,,,,,,,,,,,,,,,,,,,,,,,,,,,,,,,,,,,,,,,,,,,,,,,,,,,,,,,,,,,,,,,,,,,,,,,,,,,,,,,,,,,,,,,,,,,,,,,,,,,,,,,,,,,,,,,,,,,,,,,,,,,,,,,,,,,,,,,,,,,,,,,,,,,,,,,,,,,,,,,,,,,,,,,,,,,,,,,,,,,,,,,,,,,,,,,,,,,,,,,,,,,,,,,,,,,,,,,,,,,,,,,,,,,,,,,,,,,,,,,,,,,,,,,,,,,,,,,,,,,,,,,,,,,,,,,,,,,,,,,,,,,,,,,,,,,,,,,,,,,,,,,,,,,,,,,,,,,,,,,,,,,,,,,,,,,,,,,,,,,,,,,,,,,,,,,,,,,,,,4,4,4,4,4,4,4,4,4,4,4,4,4,4,4,4,4,4,4,,,,,,,,,,,,,,,,,,,,,,47001,SU,
21,2,,4,,6,4,1,2,spanish ,3,,1,,1,,2,3,2,4,2,3,3,4,2,3,3,2,4,3,2,,,,,0,0,16.681,0,,,,,,,4,4,4,4,3,3,3,4,4,4,3,4,4,5,4,5,3,4,5,5,,,,,4,5,,,,,,,,,4,5,4,5,,,3,6,,,5,5,4,5,4,5,5,5,,,4,5,,,3,6,,,,,,,3,4,,,,,3,5,4,5,5,5,2,4,,,4,5,4,4,5,5,,,4,4,4,5,3,5,,,,,3,5,,,4,4,3,6,4,5,3,5,5,5,4,5,4,5,4,5,,,,,,,4,5,,,,,,,3,5,4,4,4,5,,,,,,,,,,,,,,,6,6,,,,,4,5,,,3,5,4,5,,,,,4,6,4,5,3,5,,,,,3,6,,,3,5,,,,,4,5,4,5,,,,,,,4,5,,,4,5,4,4,3,5,,,4,5,,,4,4,,,,,3,5,4,5,,,,,,,,,4,5,,,5,3,5,8,3,5,,,,,,,,,,,4,5,4,5,2,5,4,5,3,5,,,,,,,,,5,5,3,5,3,5,,,,,3,5,4,5,4,5,,,3,8,,,4,4,5,5,,,3,4,,,5,3,5,5,5,5,,,,,3,4,5,5,,,,,,,8,8,3,5,4,5,6,6,,,,,,,,,3,5,2,5,,,,,4,4,,,2,5,,,,,8,8,,,,,,,4,3,6,6,,,,,,,,,3,5,,,,,8,6,,,6,6,4,5,,,,,3,8,4,5,8,6,,,,,,,3,8,,,,,3,5,4,4,,,,,,,3,5,4,5,,,3,5,4,5,2,5,4,5,,,3,5,5,5,5,8,3,3,,,5,8,,,2,5,,,2,5,8,8,3,5,5,8,,,,,,,,,,,,,,,,,3,4,4,5,4,4,4,5,,,,,3,5,,,5,5,,,4,5,4,5,,,4,5,,,3,5,,,4,5,5,5,4,5,5,5,,,,,3,5,,,3,4,,,,,,,5,8,,,,,,,2,5,,,3,8,4,5,,,5,5,,,3,4,,,4,5,8,5,3,5,3,5,4,5,2,5,3,8,,,1,5,,,,,,,,,,,,,5,5,,,,,3,6,2,2,2,2,3,3,2,2,3,2,4,5,6,5,4,2,1,1,4,2,2,1,2,3,1,2,2,3,1,1,1,3,2,2,1,1,,,,,,,3,3,6,6,5,4,3,3,4,5,5,5,5,4,2,4,4,5,5,5,5,5,5,5,5,5,4,4,5,3,3,2,2,2,2,2,4,4,4,5,5,2,4,5,5,3,2,2,4,4,4,2,15,15,,15,11,14,"23,64,107","71,89",,,,1,71,2,,,5,6,4,1,46921,NI,Below
20,1,,4,,4,5,2,2,,1,,1,,1,,,,,,,,,,,,,,,,,,,,,,,,,,,,,,"MY family, my dedication to what I love and my heart helps me feel most certain about myself. I keep striving for what I desire because of these three things",3,4,4,3,3,3,3,3,4,2,4,2,,,,,3,3,5,6,,,,,4,3,7,7,,,5,,,,,,4,4,,,4,4,,,6,6,6,6,4,4,,,,,5,5,3,3,,,6,5,5,6,4,4,6,6,4,4,4,4,,,6,6,5,5,4,4,,,5,5,,,,,4,4,,,6,6,,,,,,,,,5,5,5,6,5,5,4,5,4,4,,,,,6,6,5,5,5,5,,,,,6,6,5,6,4,5,,,,,,,,,,,,,4,4,6,6,,,4,4,,,,,4,4,,,,,3,3,,,,,3,3,5,6,,,,,,,,,,,5,6,,,,,4,5,4,4,5,5,3,3,,,,,4,5,3,3,,,,,,,5,5,,,5,5,3,3,,,,,,,,,,,5,5,4,5,5,5,,,,,,,,,5,5,4,4,4,4,,,4,4,,,4,4,4,4,4,4,,,,,4,5,4,3,5,5,3,3,8,8,3,3,,,,,4,4,,,2,2,4,4,4,4,,,,,4,5,,,,,,,3,3,,,,,3,4,5,5,1,1,,,,,,,,,,,5,5,4,4,,,,,4,4,,,,,4,3,,,3,4,,,,,,,3,2,,,,,3,3,,,,,,,,,3,3,3,3,,,5,5,3,3,,,,,,,3,2,3,4,,,4,4,,,,,,,,,,,,,3,3,,,4,3,,,3,3,4,4,4,4,3,2,,,,,,,,,,,4,4,4,4,3,3,,,3,3,3,3,,,,,,,,,,,,,3,3,,,,,4,5,3,3,3,3,,,5,5,,,3,3,4,4,,,3,3,5,5,,,3,3,4,4,3,3,,,,,3,3,4,4,3,3,3,3,,,3,3,4,4,4,4,4,4,4,3,,,,,3,3,3,3,,,5,5,,,4,3,3,3,3,3,4,4,3,3,3,3,,,,,,,3,3,,,4,3,,,,,4,4,,,3,3,4,4,4,3,,,3,3,3,3,,,3,3,,,4,4,4,4,1,1,,,,,3,3,,,3,3,,,3,3,3,3,4,4,,,,,3,6,2,3,2,2,3,3,2,3,4,2,6,4,4,6,6,2,2,1,2,3,2,2,2,3,1,2,2,3,2,2,2,4,1,2,2,1,2,4,2,2,4,4,5,4,4,4,5,5,5,4,4,4,4,3,5,5,,,,,,,,,,,,,,,,,,,,,,,,,,,,,,,,,,,,,,3,16,17,14,17,17,17,"13,14,24,25,36,38,42,52,59,62,68,74,75,85,86,87,88,95,106,108,110,115,118,120,121,122,125,128,135,138,140,146","7,8,28,29,32,34,40,43,49,50,56,58,68,72,78,79,88,105,107,123,125,131",Not at all,I wasn't actually but it did make me thing a bit about my past.,No,1,60,2,no i did not,,4,6,5,1,58690,CONT,
22,2,,2,,4,5,1,2,Indonesian,1,,2,,1,,,,,,,,,,,,,,,,,,,,,,,,,"Family difficulties
Societal pressures
Negative self concept",5.23,5.23,83.226,1,,3,4,4,3,4,3,4,4,4,4,2,4,,,,,,,4,4,4,5,6,7,,,5,7,5,7,6,7,,,4,7,4,7,,,4,7,3,7,5,7,4,7,6,7,4,6,,,6,7,,,2,6,,,5,7,4,4,5,7,,,,,3,7,5,7,4,7,2,7,,,4,7,7,7,4,7,3,7,5,7,,,2,7,,,5,7,,,6,7,5,7,6,7,,,,,,,3,7,,,,,6,7,,,7,7,3,7,5,7,4,7,,,,,,,,,5,7,4,7,,,4,5,,,,,,,5,7,,,,,,,3,7,6,7,4,7,3,7,5,6,4,7,4,7,4,7,4,7,4,7,,,3,7,5,7,5,7,,,,,6,7,,,3,7,,,,,,,,,,,,,3,6,,,1,6,,,5,6,,,,,,,,,,,5,6,,,3,6,8,6,5,6,,,8,6,,,,,,,5,6,,,,,4,4,,,,,4,6,,,,,6,6,,,,,,,,,3,6,8,6,3,6,,,,,3,6,4,6,,,8,6,4,8,,,4,6,8,6,,,2,6,,,1,6,8,6,,,1,6,,,,,8,6,,,,,,,,,,,,,5,6,5,6,4,6,,,4,6,,,,,4,5,,,,,2,6,,,5,6,1,6,,,,,4,6,1,6,4,6,3,5,,,,,,,,,,,5,6,4,4,6,6,3,6,,,,,,,,,5,6,,,1,6,1,6,3,6,3,6,1,6,,,,,,,,,,,4,6,4,5,,,,,,,5,6,,,,,,,,,,,,,1,6,5,6,3,8,4,6,1,6,,,,,5,6,,,8,6,3,6,,,,,,,,,5,6,,,3,6,1,6,,,4,6,4,6,1,6,,,,,,,5,6,,,3,6,2,6,,,3,6,3,6,2,5,,,3,6,3,6,,,,,1,6,2,6,3,6,,,1,6,8,6,4,6,2,6,1,6,,,,,5,6,,,,,,,,,,,1,6,1,6,,,,,4,4,,,,,3,6,,,,,,,2,6,5,6,,,,,,,3,6,8,6,,,5,6,3,6,2,2,2,3,2,2,2,1,2,2,,,,,,4,4,3,4,2,4,3,3,3,2,3,1,3,3,4,3,3,1,3,3,3,2,2,2,1,4,4,4,5,5,6,4,6,5,5,4,3,5,4,5,5,5,6,5,6,5,6,6,6,6,6,6,6,6,6,6,3,3,2,4,5,5,5,5,5,6,5,5,6,6,6,6,4,2,5,5,5,4,2,14,17,15,17,17,14,"2,64,100","37,44,71",No,Somewhat provoked a sense of self reality.,No,1,,1,No,No,7,7,6,1,60081,SU,
19,2,,2,,6,7,1,2,Korean,1,,9,,7,,,,,,,,,,,,,,,,,,,,,,,,,,,,,,My family makes me feel certain about myself. They have the most faith in me and encourage me to do and be the best that I can be. My education made me feel certain about my future. My friends made me feel certain about my place in the world. ,2,2,3,5,3,4,3,4,2,2,4,3,3,6,2,2,,,,,4,3,,,3,2,4,5,,,3,5,,,,,3,5,6,4,,,5,3,3,6,5,,6,2,3,4,,,4,2,,,2,1,,,4,3,,,,,,,,,4,5,5,4,4,2,5,3,2,3,,,,,5,4,,,,,,,3,6,3,6,,,2,6,,,6,4,5,3,2,3,,,,,,,4,2,5,4,5,5,,,6,2,3,3,5,3,,,6,5,,,3,5,3,4,,,,,,,,,3,4,3,4,,,,,5,3,,,,,,,2,3,3,4,,,6,4,3,6,,,4,5,3,5,2,3,,,3,6,,,5,3,4,5,,,,,,,6,5,,,4,4,6,6,,,3,7,6,3,4,3,,,,,8,3,8,1,4,2,3,4,,,,,8,3,,,,,,,,,,,8,8,,,3,6,4,6,3,5,5,4,,,4,2,8,5,2,5,,,,,4,4,,,,,1,4,,,,,3,5,5,6,,,,,,,,,3,4,3,6,2,4,,,,,1,8,,,,,2,3,5,3,,,3,5,2,6,2,8,4,2,,,4,2,3,5,3,5,,,4,2,,,4,4,,,,,3,4,4,8,,,2,5,,,2,2,,,,,,,,,,,2,8,,,1,4,3,5,,,,,,,6,3,2,3,4,5,,,,,,,,,,,3,3,,,3,2,,,,,4,2,,,5,3,,,,,2,5,4,3,,,,,3,8,,,,,3,5,4,8,,,,,8,1,,,8,3,,,,,3,5,,,2,5,,,3,4,,,6,3,2,4,3,5,3,6,5,2,3,5,,,,,,,,,,,,,4,8,6,5,,,4,2,,,3,4,2,4,2,8,,,,,3,2,2,8,4,5,,,4,4,8,6,2,3,2,5,4,3,3,4,5,8,,,3,3,,,,,4,1,,,,,,,5,4,,,6,6,2,3,,,,,,,,,3,5,,,,,,,5,1,,,,,2,8,5,5,5,2,,,,,3,8,8,4,,,,,,,,,,,3,5,,,,,,,4,8,5,1,3,6,2,3,2,2,4,3,2,2,1,2,3,6,3,4,5,,,,,,,,,,,,,,,,,,,,,,2,5,4,2,3,2,2,3,6,4,2,3,7,3,5,2,3,5,5,3,1,2,3,4,3,2,5,3,2,4,6,4,2,5,2,4,2,3,5,3,2,1,5,3,5,4,3,6,2,4,4,2,3,6,4,2,5,5,14,14,13,14,12,12,"2,16,20,23,44,76,85","1,21,23,44,74,81",there were some words i was unsure how to rate,it made me more self reflective,i had some doubts about my beliefs,2,24,2,There were doubts about myself but not the study,,2,5,3,2,56034,CONT,
,,,,,,,,,,,,,,,,5,5,5,5,5,5,5,5,5,5,5,5,5,5,5,0,0,151.396,0,,,,,,,,,,,,,,,,,,,,,,,,,,,,,,,,,,,,,,,,,,,,,,,,,,,,,,,,,,,,,,,,,,,,,,,,,,,,,,,,,,,,,,,,,,,,,,,,,,,,,,,,,,,,,,,,,,,,,,,,,,,,,,,,,,,,,,,,,,,,,,,,,,,,,,,,,,,,,,,,,,,,,,,,,,,,,,,,,,,,,,,,,,,,,,,,,,,,,,,,,,,,,,,,,,,,,,,,,,,,,,,,,,,,,,,,,,,,,,,,,,,,,,,,,,,,,,,,,,,,,,,,,,,,,,,,,,,,,,,,,,,,,,,,,,,,,,,,,,,,,,,,,,,,,,,,,,,,,,,,,,,,,,,,,,,,,,,,,,,,,,,,,,,,,,,,,,,,,,,,,,,,,,,,,,,,,,,,,,,,,,,,,,,,,,,,,,,,,,,,,,,,,,,,,,,,,,,,,,,,,,,,,,,,,,,,,,,,,,,,,,,,,,,,,,,,,,,,,,,,,,,,,,,,,,,,,,,,,,,,,,,,,,,,,,,,,,,,,,,,,,,,,,,,,,,,,,,,,,,,,,,,,,,,,,,,,,,,,,,,,,,,,,,,,,,,,,,,,,,,,,,,,,,,,,,,,,,,,,,,,,,,,,,,,,,,,,,,,,,,,,,,,,,,,,,,,,,,,,,,,,,,,,,,,,,,,,,,,,,,,,,,,,,,,,,,,,,,,,,,,,,,,,,,,,,,,,,,,,,,,,,,,,,,,,,,,,,,,,,,,,,,,,,,,,,,,,,,,,,,,,,,,,,,,,,47001,NI,Above
20,1,,8,,3,7,1,1,,1,,2,,6,,,,,,,,,,,,,,,,,,,,,,,,,"1. Career
2. Women
3. Religion",3.687,58.56,61.133,5,,4,4,3,4,3,4,3,4,3,4,3,4,6,3,,,,,4,4,,,,,,,,,,,,,5,5,5,3,6,4,,,,,,,6,6,,,,,,,5,3,,,6,6,,,,,6,6,,,5,4,6,4,4,5,6,4,,,6,3,7,5,6,2,,,,,,,,,,,4,4,6,3,,,,,,,6,3,6,5,,,,,5,2,6,1,5,5,4,5,3,6,,,2,6,6,2,,,6,4,1,5,,,,,6,4,6,5,,,,,,,,,5,6,,,6,3,3,6,,,,,7,3,6,4,,,6,4,,,5,5,4,6,,,3,6,,,,,,,4,6,4,6,,,,,6,3,5,5,2,6,,,,,7,7,6,2,7,3,6,6,,,,,6,4,6,4,,,,,6,8,8,3,5,3,,,,,,,,,,,,,8,3,,,,,,,8,4,,,8,8,4,4,,,,,8,4,8,5,6,8,8,4,8,5,5,3,,,,,2,5,,,,,2,8,,,,,2,8,5,5,8,2,8,8,,,,,8,5,,,,,,,,,5,5,3,6,,,,,,,2,5,1,8,8,5,8,5,8,8,,,5,5,5,5,,,,,4,8,,,6,8,8,3,3,5,4,8,6,8,,,5,4,3,8,,,2,5,,,,,,,3,5,8,4,,,5,5,,,8,5,8,3,5,3,,,,,,,,,,,,,,,,,,,4,5,5,5,,,8,8,8,4,8,8,,,,,,,8,3,5,5,,,8,8,6,6,3,8,,,2,8,6,6,,,6,3,,,,,,,,,,,5,4,8,5,6,8,3,5,,,,,,,,,,,8,3,8,8,3,5,5,4,,,,,5,2,,,5,4,8,3,,,,,2,5,,,,,6,6,,,,,,,4,8,6,3,8,4,,,,,4,4,8,8,6,4,8,3,5,4,2,8,,,,,,,,,3,4,3,5,5,4,8,4,5,4,8,5,8,5,8,4,,,,,,,3,2,5,2,,,,,,,,,4,5,3,5,8,3,2,3,,,2,5,8,4,,,,,,,,,8,5,,,6,5,6,8,3,6,3,2,2,2,3,2,1,4,4,2,6,6,6,3,6,3,3,3,4,2,4,3,2,3,3,3,2,2,2,3,1,3,2,3,3,1,2,2,4,2,4,4,,,,,,,,,,,,,,,1,3,5,2,5,5,5,5,6,6,2,5,1,5,2,5,5,5,5,5,6,5,2,2,2,5,5,5,5,6,5,5,5,5,2,5,5,1,16,17,11,15,17,15,2,71,The words were very random and uncommon,Nope,Yes,1,70,2,,,5,6,5,1,55885,SU,
,,,,,,,,,,,,,,,,,,,,,,,,,,,,,,,,,,,,,,,33433,81.369,81.369,399.731,1,,,,,,,,,,,,,,,,,,,,,,,,,,,,,,,,,,,,,,,,,,,,,,,,,,,,,,,,,,,,,,,,,,,,,,,,,,,,,,,,,,,,,,,,,,,,,,,,,,,,,,,,,,,,,,,,,,,,,,,,,,,,,,,,,,,,,,,,,,,,,,,,,,,,,,,,,,,,,,,,,,,,,,,,,,,,,,,,,,,,,,,,,,,,,,,,,,,,,,,,,,,,,,,,,,,,,,,,,,,,,,,,,,,,,,,,,,,,,,,,,,,,,,,,,,,,,,,,,,,,,,,,,,,,,,,,,,,,,,,,,,,,,,,,,,,,,,,,,,,,,,,,,,,,,,,,,,,,,,,,,,,,,,,,,,,,,,,,,,,,,,,,,,,,,,,,,,,,,,,,,,,,,,,,,,,,,,,,,,,,,,,,,,,,,,,,,,,,,,,,,,,,,,,,,,,,,,,,,,,,,,,,,,,,,,,,,,,,,,,,,,,,,,,,,,,,,,,,,,,,,,,,,,,,,,,,,,,,,,,,,,,,,,,,,,,,,,,,,,,,,,,,,,,,,,,,,,,,,,,,,,,,,,,,,,,,,,,,,,,,,,,,,,,,,,,,,,,,,,,,,,,,,,,,,,,,,,,,,,,,,,,,,,,,,,,,,,,,,,,,,,,,,,,,,,,,,,,,,,,,,,,,,,,,,,,,,,,,,,,,,,,,,,,,,,,,,,,,,,,,,,,,,,,,,,,,,,,,,,,,,,,,,,,,,,,,,,,,,,,,,,,,,,,,,,,,,,,,,,,,,,47001,SU,
18,2,,4,,4,8,2,2,,3,,10,both christian and catholic,6,,2,5,2,2,4,4,1,1,2,2,5,4,5,5,4,8.421,21.391,23.19,4,,,,,,,,,,,2,3,2,3,3,4,2,1,1,1,3,2,,,7,7,7,7,,,2,7,6,7,7,7,,,4,7,,,1,7,5,7,,,7,7,,,,,5,7,5,7,,,,,4,7,,,,,6,7,,,5,7,,,,,5,6,7,7,,,,,,,6,7,5,7,,,5,6,,,,,,,6,7,4,7,5,7,,,4,6,7,7,,,,,6,7,5,7,6,7,,,6,7,5,7,,,5,7,,,5,7,6,7,5,7,6,7,,,6,7,6,7,4,7,4,7,3,5,5,7,5,7,,,,,7,7,,,4,7,,,4,7,5,7,5,7,,,,,2,7,6,7,6,7,4,7,7,7,7,7,4,7,6,7,,,5,5,4,6,,,6,5,5,7,5,7,,,5,7,,,,,,,3,6,,,,,2,6,5,6,4,6,4,8,,,,,6,6,,,3,6,5,6,,,,,,,5,6,8,6,,,,,8,6,,,,,,,,,,,4,4,5,6,5,6,,,2,6,5,6,4,6,8,6,6,6,,,,,,,2,8,4,6,5,6,,,8,6,8,6,,,5,6,8,6,3,5,,,3,6,1,6,,,3,6,4,6,,,2,6,3,6,,,,,4,8,,,,,,,,,2,6,,,1,6,1,6,,,,,4,8,,,,,,,,,,,,,1,6,,,,,,,,,4,6,,,,,,,,,4,6,3,6,,,,,3,6,5,6,,,,,,,,,,,,,,,,,3,6,,,,,1,6,,,,,2,6,,,,,2,6,1,6,1,6,,,1,6,3,6,,,,,,,1,6,1,6,2,6,,,,,2,6,2,8,,,,,,,5,6,,,,,,,3,6,,,3,6,,,1,6,3,6,3,6,3,6,1,6,2,6,,,4,8,,,2,6,,,4,6,1,6,,,,,,,,,,,4,6,,,,,,,1,6,4,6,2,6,2,6,,,,,,,,,,,1,6,1,6,1,6,1,6,,,,,2,8,,,1,6,,,,,,,2,6,3,6,,,,,,,,,3,6,2,6,,,1,6,3,6,2,6,,,,,,,2,8,3,6,2,3,2,2,4,3,1,2,3,1,5,5,5,5,5,,,,,,,,,,,,,,,,,,,,,,5,4,2,2,4,2,5,6,1,4,6,6,5,5,5,4,3,2,4,5,5,6,6,2,4,2,4,1,3,2,5,3,6,5,3,2,3,3,6,6,6,6,5,5,5,5,5,5,6,4,5,5,4,4,6,6,6,,17,17,14,17,17,17,"66,91,141","23,44,74,93,142",no,no,no,1,100,1,,,7,7,6,1,57928,NI,Above
22,2,,2,,4,5,1,2,Tagalog,1,,1,,6,,,,,,,,,,,,,,,,,,,,,,,,,,,,,,"I'm certain about the sexual identity, my religion, and political party.",2,3,4,4,2,2,3,2,2,2,4,2,5,6,5,6,6,6,5,6,5,6,,,,,6,6,6,6,5,5,,,5,6,5,6,,,,,,,5,6,,,,,,,,,6,6,6,6,5,6,6,6,,,5,5,,,,,,,,,,,,,5,6,,,6,6,,,,,2,7,6,7,6,6,4,6,5,6,3,6,6,6,5,6,6,6,,,,,6,6,,,6,6,5,6,5,6,6,6,5,5,,,,,,,,,,,,,,,,,,,3,6,,,,,4,6,2,6,,,6,6,,,,,4,6,,,6,6,,,5,6,,,4,6,6,6,,,,,,,,,4,6,5,6,,,2,6,,,5,6,1,6,,,6,6,,,4,6,,,6,6,,,,,,,3,8,8,6,2,8,2,8,,,5,8,,,8,8,5,8,4,8,4,8,4,8,,,,,,,8,8,4,8,,,,,5,5,5,8,5,5,,,,,4,8,,,8,8,,,,,4,8,8,8,6,6,8,8,3,8,,,5,8,,,,,5,8,,,,,,,,,,,,,,,,,,,1,8,4,8,,,1,8,2,8,,,,,,,,,,,8,5,2,8,1,8,8,8,,,,,,,3,5,,,,,,,,,2,8,2,8,8,6,,,4,8,1,8,2,8,2,8,,,2,8,1,6,,,,,4,8,,,4,8,,,,,2,8,2,8,4,8,1,6,,,2,8,,,2,8,,,,,,,3,5,1,6,,,2,8,2,8,3,5,,,,,,,2,8,,,1,8,2,8,1,8,2,8,2,8,,,,,,,2,8,2,8,2,8,8,8,,,,,,,,,4,8,3,8,4,8,,,,,,,2,8,,,,,2,8,2,8,,,,,,,2,8,2,8,3,8,1,8,2,8,4,8,,,2,8,,,8,8,,,,,2,8,2,8,2,8,,,,,,,,,,,,,3,5,,,,,1,8,2,8,,,,,3,5,2,8,1,6,,,,,,,2,8,1,8,,,,,4,8,,,2,8,,,,,,,,,2,8,2,8,3,8,1,8,,,1,8,,,,,8,6,,,2,3,2,2,3,3,2,3,4,1,2,3,3,5,2,1,1,1,4,2,2,1,2,3,2,1,2,3,1,2,1,3,2,2,1,2,,,,,,,5,5,3,6,6,6,5,5,5,5,5,3,4,6,3,5,5,4,3,4,4,4,4,4,2,2,5,5,4,4,4,3,4,4,4,4,5,5,5,5,5,4,4,5,5,4,3,4,4,5,5,,17,17,17,17,17,17,"2,9,18,44,45,66,84,91,93,94,100,112,115,126,130,137,141","24,26,44,107","I was confused on some of the words, so I had to search them up.","No, I was not.",Not really.,1,80,1,,,7,6,6,1,58778,CONT,
21,2,,4,,3,4,1,2,Spanish,1,,2,,6,,4,4,4,5,5,4,2,2,2,2,3,4,4,4,4,,,,,0,0,35.254,0,,,,,,,4,2,3,3,2,2,2,2,2,2,3,4,,,,,,,,,,,5,6,5,6,,,,,,,5,6,,,,,6,6,6,6,4,6,,,5,6,5,6,5,6,5,6,,,,,,,,,6,6,,,5,6,4,4,,,5,6,6,6,5,6,,,5,6,,,6,6,4,6,,,,,,,,,,,,,,,,,,,4,6,5,6,,,5,6,,,,,,,,,,,5,6,5,6,6,6,5,6,6,6,6,6,4,6,4,6,5,6,,,5,6,5,6,,,,,5,6,,,4,6,6,6,,,6,6,,,5,6,,,6,6,,,,,6,6,5,6,5,6,5,6,,,,,5,6,,,6,6,,,,,5,6,,,6,6,,,4,6,,,5,6,8,8,8,8,,,,,,,,,4,8,,,8,8,,,,,,,,,,,4,8,8,8,5,8,,,,,5,8,5,8,,,,,,,4,5,5,8,,,8,8,,,8,8,4,8,,,,,,,,,,,,,,,4,8,4,8,,,8,8,8,8,5,8,5,8,8,8,5,8,4,8,3,8,3,8,,,,,3,8,,,,,4,8,5,8,5,8,3,8,3,8,,,,,,,,,3,8,3,8,3,8,,,3,8,2,8,3,8,4,5,,,,,,,4,8,,,,,,,,,3,8,,,,,2,8,5,8,,,3,8,,,3,8,4,5,,,,,,,,,5,8,,,2,8,,,3,8,3,8,3,5,,,,,3,8,,,,,,,3,3,4,8,2,8,,,5,8,,,,,,,,,,,3,8,3,8,3,8,,,,,,,,,3,8,5,8,4,8,5,8,,,,,,,5,5,3,8,8,8,,,4,8,2,8,,,,,5,8,4,8,4,5,,,,,,,,,,,,,4,8,,,3,5,,,4,8,3,8,,,,,,,5,8,5,8,3,8,5,8,3,8,3,8,,,3,8,5,8,,,,,3,8,3,8,,,,,,,5,8,3,3,4,8,,,,,3,8,4,8,,,4,8,,,3,8,3,8,3,8,5,8,,,,,,,,,2,8,,,5,8,3,8,,,3,6,,,,,,,,,,,4,5,5,5,3,2,1,1,4,3,1,1,1,3,1,1,2,3,2,2,2,3,1,2,1,1,2,2,2,3,3,3,5,3,2,3,5,5,4,4,5,4,3,3,2,5,5,5,4,5,4,5,5,5,5,5,5,5,3,3,5,5,5,4,5,5,5,5,5,5,5,5,5,4,4,5,5,5,4,5,4,4,5,3,16,16,14,16,16,16,"18,130",48,sometimes the wording of the question was a bit confusing,no,just trying to figure out the wording,1,,2,n/a,n/a,6,6,6,1,54966,NI,Below
21,2,,2,,6,7,1,1,,1,,10,,1,,,,,,,,,,,,,,,,,,,,,,,,,,,,,,"I am feeling most certain about being a college student, family member (sister, daughter, grandaughter), and a future medical professional. ",3,3,3,3,3,3,3,3,3,3,3,3,,,5,5,2,4,,,4,4,5,5,,,6,6,,,,,2,5,4,4,,,6,6,,,5,5,,,4,4,,,,,,,,,5,5,5,5,,,,,,,4,4,3,4,6,6,2,2,5,5,5,5,4,4,,,,,,,,,2,5,5,5,5,5,2,5,5,5,,,,,,,,,,,5,5,,,,,4,4,4,4,5,5,2,4,5,2,4,4,,,,,,,,,,,,,4,4,,,4,4,4,4,,,,,5,5,2,4,6,6,2,6,,,,,,,,,4,5,,,,,4,4,,,5,5,,,2,4,,,2,5,,,2,4,,,4,4,,,2,4,,,4,4,4,4,,,,,5,5,1,6,5,5,,,5,5,,,,,4,4,,,,,4,4,,,,,,,,,2,4,,,3,5,,,2,4,,,,,4,4,2,5,4,4,4,4,,,,,4,4,2,5,4,4,,,5,4,,,5,5,,,2,4,,,2,4,2,8,2,5,,,2,4,,,,,,,,,5,5,4,4,2,8,2,4,,,1,4,2,5,,,,,2,4,,,,,8,8,2,5,,,3,4,1,8,2,4,4,4,,,1,6,,,,,,,,,2,5,,,4,4,,,,,,,,,,,2,5,2,4,4,4,2,5,4,4,2,8,,,,,,,2,8,,,,,4,4,,,5,5,,,,,,,,,,,,,2,5,2,4,,,2,5,,,2,5,,,2,5,,,,,2,4,2,5,,,,,,,2,5,,,,,,,,,,,,,2,4,1,6,4,4,2,5,2,8,2,5,,,,,2,5,,,2,4,2,4,3,5,,,,,4,4,,,2,5,2,5,2,3,,,2,5,2,5,,,1,8,,,4,4,4,4,,,,,4,4,4,4,2,5,,,3,5,,,,,4,4,2,4,,,,,,,2,5,,,4,2,1,8,,,,,4,4,2,4,,,2,8,,,2,5,,,,,2,8,2,4,,,4,4,,,,,,,,,2,5,,,,,,,2,2,4,4,2,5,2,5,2,5,1,4,,,3,6,2,3,3,3,3,3,2,3,3,3,2,5,4,5,2,2,2,2,4,2,2,2,2,3,2,2,2,3,2,2,2,3,3,2,2,2,2,2,3,3,4,4,3,3,2,2,4,4,4,4,4,4,4,4,4,5,5,5,5,5,2,5,5,2,3,4,4,3,4,3,4,3,4,3,4,4,4,3,4,5,5,5,5,5,5,5,5,4,5,5,5,5,5,,17,17,17,17,17,16,,,no,no,no,1,64,1,none,no,7,7,7,1,58132,CONT,
22,2,,4,,6,5,1,1,,1,,9,,1,,,,,,,,,,,,,,,,,,,,,,,,,I feel unsure of my career prospects and whether my experience will be sufficient to land a good job that can grant me financial stability. I worry that I will never own a home of my own. I worry about my future happiness and how my choices now may impact it. ,6.201,136.914,159.999,8,,4,4,4,4,3,4,4,3,4,2,2,4,4,7,,,,,7,7,,,,,4,3,,,6,7,6,7,,,,,6,7,,,,,,,6,7,,,7,7,7,7,6,7,7,7,,,,,5,7,6,7,6,7,,,,,6,7,,,,,,,,,6,7,4,7,4,7,1,5,,,,,,,,,,,7,7,7,7,4,7,4,3,5,5,,,6,7,2,7,,,,,,,,,,,,,5,7,4,7,7,7,3,7,5,7,7,7,,,4,7,,,,,5,7,5,7,,,,,,,,,3,6,4,7,4,6,5,7,,,6,7,,,,,6,7,,,6,7,,,3,7,,,4,7,,,2,7,,,3,5,,,6,7,,,,,5,7,5,7,,,,,,,8,6,,,8,6,6,6,,,8,6,8,6,,,8,6,8,3,4,6,6,6,,,2,6,,,6,6,,,4,8,5,6,,,,,,,,,6,6,5,6,,,,,,,8,6,,,,,,,8,6,,,1,6,,,,,,,4,6,,,4,6,4,6,8,8,3,6,,,,,,,,,4,8,,,,,4,6,1,6,,,2,6,8,6,,,,,1,6,,,,,,,,,3,6,,,4,6,2,8,4,6,1,6,,,4,6,,,2,6,5,6,4,6,4,6,4,6,,,,,,,,,,,,,8,6,4,6,6,6,,,2,6,5,6,,,1,6,,,2,6,4,8,5,6,2,6,1,6,2,6,,,,,4,6,,,4,6,,,4,6,,,4,6,5,6,,,,,1,6,4,6,1,6,,,3,6,1,6,1,6,4,6,1,6,4,6,,,,,,,,,,,,,8,6,2,6,,,5,5,,,,,,,4,6,1,6,,,3,6,,,,,,,4,8,,,,,8,6,,,5,6,,,,,,,4,6,,,,,,,2,8,,,4,6,3,6,,,,,8,6,1,6,2,6,,,4,6,,,,,2,6,5,6,,,,,4,6,,,2,6,,,4,3,2,6,,,,,5,6,,,4,6,2,6,2,6,2,6,,,4,6,4,6,6,6,,,,,,,,,,,,,8,6,,,2,2,2,2,3,2,2,2,3,3,6,6,5,6,2,2,1,1,4,4,4,1,2,4,2,1,1,3,1,1,1,4,2,2,1,4,2,5,2,3,2,5,1,3,6,6,5,6,6,5,3,6,7,6,7,7,,,,,,,,,,,,,,,,,,,,,,,,,,,,,,,,,,,,,,,16,17,14,17,12,16,"20,76,100","37,107",,,,2,67,2,,,4,7,4,1,58655,SU,
20,1,,4,,2,4,1,2,,1,,1,,1,,5,5,1,5,5,3,1,4,3,2,4,4,5,4,4,13.142,13.728,19.88,2,,,,,,,,,,,5,5,5,5,5,4,2,3,4,3,4,5,,,4,4,,,,,,,4,4,4,4,7,7,,,,,,,7,7,7,3,,,6,7,,,5,6,4,4,,,6,6,,,,,,,,,,,,,4,4,,,4,5,7,5,,,,,7,7,4,4,5,6,4,6,,,6,7,3,3,7,7,6,5,6,5,,,,,,,7,7,,,7,4,,,7,6,7,7,,,,,,,7,5,7,7,,,7,5,,,5,6,4,4,,,,,,,7,7,3,4,6,4,5,3,7,7,,,,,6,6,,,1,7,7,4,,,,,5,3,7,7,7,5,7,7,,,5,3,,,,,5,6,,,7,7,,,,,,,,,4,5,4,5,7,5,,,5,6,,,4,6,4,4,6,6,6,5,4,4,,,6,6,,,,,,,6,6,,,,,5,8,6,8,,,,,,,,,,,,,,,,,,,,,,,,,8,3,,,,,,,6,6,6,3,6,3,3,8,,,,,,,4,4,,,4,8,,,5,6,,,,,6,6,4,3,,,6,3,,,,,,,1,6,1,3,,,3,8,,,5,8,,,8,8,,,4,4,,,,,,,,,,,,,1,8,1,3,4,1,,,,,,,,,,,,,5,3,,,,,,,,,,,,,4,4,4,4,5,6,,,,,,,,,4,2,4,4,,,8,8,,,,,4,4,2,8,,,,,4,4,,,,,,,8,6,2,8,,,,,,,,,,,2,6,,,,,,,1,6,,,8,5,,,,,2,8,,,4,4,1,3,3,4,,,4,8,,,6,6,,,,,1,1,,,4,1,8,8,4,4,,,,,5,3,,,8,6,4,4,,,,,,,,,,,5,8,,,,,,,4,1,4,6,,,5,2,4,2,,,,,,,,,,,,,,,,,,,,,5,4,,,4,4,3,4,4,8,6,3,1,6,2,5,,,,,4,5,1,8,1,6,8,5,4,4,,,,,,,3,5,,,,,,,,,8,8,,,,,,,1,8,4,4,4,5,,,3,6,2,1,2,2,1,2,2,1,2,3,,,,,,1,2,2,4,2,2,3,3,2,4,1,2,4,4,2,2,3,1,3,2,3,4,3,2,4,4,2,4,7,3,5,4,4,6,5,5,5,3,6,6,3,6,6,6,6,6,6,4,3,3,4,4,6,6,6,3,3,3,6,2,5,4,4,4,6,4,6,6,4,6,6,6,4,2,2,6,4,4,"2,3",17,17,17,17,17,17,"64,84,100","1,18,20,21,22,23,24,30,36,37,41,42,43,45,51,57,61,62,64,84",Nope ,Yes,Yes,1,76,2,,,7,7,7,1,58225,NI,Above
21,1,,2,,5,3,1,2,cantonese,1,,8,,6,,,,,,,,,,,,,,,,,,,,,,,,,,,,,,Being in school and studying what I enjoy makes me feel certain about myself. It also makes me certain about my future because getting a degree would help me land my future job. What makes me feel certain about my place in the world are my friends who enjoy being around me.,5,5,3,4,4,2,4,4,4,4,1,4,5,5,6,7,,,,,7,7,2,5,1,7,,,3,4,,,2,5,,,3,6,6,7,,,6,5,,,2,4,,,5,6,,,6,4,,,2,5,5,6,2,7,,,3,4,,,6,6,3,5,,,4,4,,,,,2,5,2,5,,,2,6,,,,,,,,,,,,,,,,,,,2,5,4,4,4,6,3,6,5,6,,,4,7,,,,,,,6,6,,,,,,,3,1,6,7,,,7,7,3,5,3,5,,,4,5,,,5,5,2,5,4,4,,,,,5,4,,,4,4,,,2,5,,,2,6,3,5,3,6,2,4,1,5,3,7,,,,,,,4,5,1,5,3,6,4,4,,,,,,,,,6,5,8,6,4,4,,,,,,,5,8,,,,,,,,,2,5,,,,,4,5,,,4,6,3,8,,,,,,,,,8,8,4,4,3,5,,,3,5,,,,,,,,,,,,,5,4,4,3,1,6,,,,,,,,,3,8,,,4,8,,,5,8,,,,,2,8,2,5,3,4,4,4,,,5,4,2,8,,,4,4,,,6,6,4,8,5,4,,,1,6,,,,,8,6,2,8,3,3,,,6,6,,,2,5,,,,,8,6,8,4,,,3,5,,,,,5,5,,,,,,,4,4,,,2,4,6,6,4,6,,,,,5,4,2,6,2,5,,,,,4,4,,,,,1,6,,,,,,,,,,,,,,,6,5,6,6,5,4,8,6,,,,,8,8,3,8,4,4,,,,,,,2,6,,,5,5,,,,,3,5,,,8,6,,,4,5,5,4,,,8,8,,,,,,,6,6,4,4,4,6,,,2,4,,,4,4,3,5,,,1,5,2,4,2,4,,,,,6,6,,,8,6,4,4,,,,,5,8,5,5,3,5,,,8,6,4,4,1,8,,,5,6,3,8,,,,,8,4,,,4,4,2,5,,,,,2,5,,,,,4,4,8,5,,,,,,,4,4,,,,,,,3,5,8,5,2,5,3,3,8,8,4,6,2,6,,,1,5,,,,,,,,,,,3,2,3,2,1,2,2,2,2,3,3,3,3,3,2,3,3,2,4,2,3,2,2,1,3,3,2,3,3,3,1,3,2,3,3,3,3,2,3,4,4,5,,,,,,,,,,,,,,,4,5,3,4,5,5,3,6,5,6,3,5,2,2,5,2,2,3,3,2,2,2,3,4,5,5,5,2,3,2,1,1,1,2,3,3,4,,15,16,14,17,14,14,"2,23,100",,,,,1,70,2,,,7,7,6,1,50949,CONT,
21,1,,9,Middle eastern/ North African,1,2,1,2,Arabic,1,,10,Coptic Orthodox Christian,2,,,,,,,,,,,,,,,,,,,,,,,,,,,,,,"The three aspects are determination, motivation, and dedication.",1,2,1,1,2,1,2,1,1,1,5,2,,,,,7,7,6,7,,,,,,,5,7,,,,,7,7,3,7,,,,,7,7,,,6,7,,,7,7,,,4,5,,,7,7,,,,,,,4,2,,,,,,,,,4,7,,,7,7,2,7,,,,,7,7,,,5,7,7,7,3,7,7,7,4,5,7,7,5,7,1,7,7,7,3,7,,,,,,,,,7,7,,,7,7,5,7,2,7,,,1,7,4,7,7,7,,,,,7,7,,,,,,,7,7,,,1,6,,,7,7,,,7,7,7,7,,,7,7,,,7,7,,,,,,,,,,,,,,,,,7,7,7,7,3,7,,,,,,,,,7,7,7,7,1,6,6,7,,,,,,,6,6,6,6,6,6,,,5,6,6,6,5,6,6,6,,,6,6,4,6,,,4,6,,,,,6,6,6,6,8,6,1,6,,,,,,,6,6,,,6,6,1,6,2,6,6,6,6,6,3,8,,,,,,,2,6,6,6,4,6,3,1,,,,,,,,,,,8,6,1,6,,,,,,,,,1,6,,,,,5,6,,,6,6,,,,,,,4,6,,,1,8,8,6,,,,,,,1,6,,,1,6,,,6,6,2,6,,,,,5,6,,,5,6,1,6,,,1,6,5,6,8,6,,,1,6,,,5,6,,,2,8,8,5,,,,,,,5,6,1,6,,,6,8,1,6,,,2,6,2,8,4,1,3,8,1,6,2,6,1,6,,,,,,,8,6,4,4,,,,,8,6,,,5,6,6,6,1,6,,,1,6,,,8,6,5,6,,,8,6,,,8,6,,,,,5,6,,,2,8,5,8,1,6,,,,,,,3,5,,,,,,,,,5,6,,,,,,,5,6,3,5,,,2,6,,,,,,,6,6,,,,,,,1,6,,,,,,,1,6,,,,,2,5,8,6,,,6,6,,,,,1,6,1,6,,,1,6,8,6,,,,,1,6,1,6,6,6,,,1,8,5,6,5,6,,,,,,,,,,,,,,,1,6,,,1,6,1,8,1,6,5,6,3,6,4,2,1,1,2,1,2,1,2,3,6,1,1,5,1,3,4,1,4,2,4,2,3,2,3,4,3,1,3,3,2,1,1,3,3,4,,,,,,,1,1,7,6,7,7,7,5,2,6,6,7,3,6,4,1,4,5,6,6,6,6,6,6,1,5,1,1,6,4,6,1,2,5,2,3,1,6,5,6,6,1,1,1,1,2,1,1,6,6,6,,17,17,17,17,17,17,"18,100,137","44,48,133",Everything was clear and easily understandable.,I was not affected.,I was confident in my answers during the task.,1,85,3,,N/A,7,7,7,1,51757,CONT,
18,1,,2,,6,5,1,2,"Vietnamese, Mandarin",2,,5,,1,,,,,,,,,,,,,,,,,,,,,,,,,"My sexual orientation has me questioning how I will ever go about ever introducing a significant other to my family. 
My major is something that I am not sure I am fully passionate about.
I'm afraid that my social anxiety will get in the way of future opportunities.",4.209,92.137,187.179,3,,2,4,1,4,2,2,3,1,1,5,3,5,4,4,,,3,3,,,7,7,,,3,1,4,6,,,2,7,6,7,4,7,2,6,,,3,7,,,3,7,5,4,,,4,4,5,7,,,,,2,7,4,7,1,4,,,7,7,4,6,,,3,3,4,4,,,,,,,5,4,5,7,3,6,,,3,7,,,,,3,7,4,2,3,7,6,7,,,,,5,7,7,7,,,,,7,4,,,,,4,2,3,6,5,3,,,,,,,3,6,,,4,7,,,4,7,3,7,,,5,7,4,7,,,5,7,4,1,,,3,7,4,5,4,6,3,6,,,6,3,3,5,4,6,,,3,7,,,1,7,,,,,4,6,2,7,5,4,,,2,7,,,,,3,6,,,4,7,,,,,,,,,5,8,,,,,,,,,,,,,6,6,,,,,,,,,3,8,,,4,6,,,8,6,,,,,3,5,,,,,,,2,8,,,4,8,4,1,,,,,,,4,8,,,2,6,3,8,4,8,,,,,3,2,3,4,,,8,6,2,6,,,2,6,2,6,,,3,8,4,6,1,8,,,8,6,,,4,3,3,6,5,6,,,,,3,6,,,,,2,6,8,8,3,8,,,,,5,6,4,6,2,6,5,6,2,5,,,8,6,8,6,1,6,,,2,4,5,6,,,,,,,,,,,,,,,,,4,6,,,,,4,8,4,6,3,6,,,,,,,3,6,3,6,2,4,,,4,6,,,,,2,5,2,8,,,,,4,6,6,5,,,4,6,,,,,4,8,,,3,6,4,6,3,6,4,1,,,4,2,,,5,6,,,8,6,4,6,4,5,,,4,1,,,8,8,,,,,8,6,2,6,,,3,6,,,4,5,,,2,8,3,8,,,,,,,,,4,2,,,,,4,6,,,4,6,,,,,,,,,4,4,5,6,,,,,2,5,4,8,,,5,2,,,,,,,,,,,,,,,,,,,,,2,8,3,3,,,,,,,,,,,3,2,,,3,6,4,6,2,6,,,,,,,2,5,2,6,5,6,,,,,,,,,3,6,,,,,,,,,,,1,5,4,3,1,1,1,1,4,2,3,1,2,1,1,2,3,4,1,1,1,4,1,2,1,2,2,1,3,3,4,4,2,3,6,6,4,1,3,7,4,4,5,4,2,7,1,4,2,5,6,2,6,6,6,2,6,4,4,1,2,2,1,2,3,1,1,1,3,1,5,1,4,1,1,1,1,1,1,1,4,2,5,,17,16,13,17,13,15,"10,16,20,27,31,34,39,54,64,66,100,101","35,37,52,62,71,87,89,121,143,146",Some of the words were confusing because I knew of their existence but not of what they meant.,I was not affected.,I experienced doubts on some of the ultra-negative and ultra-positive traits because I don't think it would be completely accurate if I'm the one describing myself.,1,88,1,I just felt that my responses on some of the traits would inevitably be disingenuous because I'm the one judging them.,I do not.,7,7,4,1,59369,SU,
20,2,,4,,6,5,1,2,spanish,5,,1,,1,,4,5,5,5,5,4,2,5,3,2,5,5,4,4,4,,,,,4.755,22.101,22.45,14,,,,,,,4,4,5,5,4,4,4,4,4,3,4,4,,,2,6,,,5,4,,,7,7,,,,,6,5,5,4,,,,,,,6,6,,,3,3,,,,,4,5,,,,,5,5,5,3,,,,,,,4,6,,,7,7,5,5,,,,,,,5,4,6,6,,,,,,,5,6,,,4,5,,,,,,,,,,,6,6,7,7,,,,,5,5,5,4,,,5,5,7,6,,,,,,,5,5,5,5,4,4,,,6,5,,,4,6,,,,,4,5,,,,,6,5,,,,,5,3,,,,,,,,,4,4,,,,,6,7,7,7,,,6,5,,,6,4,7,7,,,,,,,5,5,,,,,6,7,,,5,5,,,,,4,4,8,5,4,8,,,5,4,5,4,5,5,8,5,5,4,5,4,,,6,6,5,5,5,5,6,6,,,8,8,,,4,4,,,5,3,6,6,,,4,3,4,5,8,8,,,5,5,,,,,6,6,8,5,4,4,,,6,6,,,,,,,5,5,4,4,,,8,8,6,6,8,5,,,4,4,,,,,5,3,,,,,,,5,5,,,4,5,,,,,,,4,4,3,2,,,8,8,3,4,,,,,,,8,4,4,8,,,,,,,,,,,3,4,,,,,,,6,8,,,,,5,3,8,4,3,4,4,4,3,6,5,3,,,8,8,,,2,2,8,8,,,,,,,2,8,2,4,3,3,,,,,,,4,4,,,4,4,3,5,,,,,8,5,8,8,,,,,4,4,4,6,5,8,,,,,2,6,,,,,,,,,5,4,,,,,,,,,,,,,,,6,8,,,8,4,,,5,5,5,8,,,,,5,4,,,8,5,8,8,5,8,,,,,4,4,4,2,6,6,6,6,,,8,8,,,,,4,4,8,5,4,4,4,4,5,5,4,4,,,,,,,6,5,,,,,2,8,,,5,4,8,4,5,4,3,8,3,4,3,8,2,6,2,6,5,4,4,3,,,,,3,5,3,5,2,3,4,4,3,3,,,8,5,,,,,,,8,6,3,8,8,5,,,,,,,4,6,8,8,5,4,6,6,,,2,2,2,2,3,2,2,2,2,2,5,5,5,5,3,1,1,1,4,2,3,1,3,3,2,3,3,4,3,1,2,4,1,1,2,2,4,4,3,4,4,4,5,6,5,5,5,5,5,5,6,5,5,4,5,7,5,6,6,6,4,5,5,5,6,5,3,3,5,4,4,4,4,5,4,5,6,5,5,5,6,5,4,5,4,3,3,5,5,5,5,6,6,,15,15,15,16,14,12,"2,39,44,61,64,66,107,134,136,137","23,44,48,52,71,103,132,133",How confident I was in actually labeling myself to be some of those characteristics. I guess I have never asked myself if I actually believed I was to be some of the characters. ,It has me thinking. ,"Yes, a lot of self-reflection. ",1,81,1,,,7,6,5,1,60065,NI,Below
20,2,,4,,5,6,1,2,spanish,1,,1,,1,,,,,,,,,,,,,,,,,,,,,,,,,"Three things that make me feel uncertain about myself and my future are my self-doubt, procrastination, and my knowledge on certain things",0.987,0.987,102.505,1,,4,5,4,4,4,4,2,3,2,2,4,4,,,,,5,6,,,3,6,3,6,5,6,6,7,3,6,4,6,,,4,7,,,5,6,,,,,,,,,3,7,,,4,4,5,7,6,7,5,5,,,2,6,,,6,6,,,4,6,,,,,3,6,3,6,5,6,5,6,6,6,,,2,6,,,,,2,6,,,2,5,,,,,4,6,,,6,7,5,7,,,,,,,4,6,,,4,5,,,,,,,5,7,6,7,,,3,6,,,,,,,3,6,4,6,,,,,,,7,7,3,6,,,,,,,,,5,4,,,,,4,6,,,5,6,6,6,3,7,4,6,,,,,5,6,,,,,,,2,6,2,6,4,6,4,7,5,6,,,5,6,4,6,8,6,5,5,4,5,8,8,8,8,,,,,,,,,,,4,8,2,8,,,5,8,,,8,6,,,,,,,,,5,6,,,3,6,,,,,,,,,4,6,,,,,4,8,,,2,8,8,6,5,6,2,8,,,,,2,5,3,8,,,,,8,8,5,8,5,8,3,8,,,,,,,2,6,1,6,,,,,4,8,,,,,,,,,2,6,,,,,,,3,8,3,8,2,8,4,8,2,8,1,5,,,1,8,2,8,3,5,,,2,8,,,,,4,5,2,5,2,6,,,,,3,8,5,5,,,2,8,2,8,,,8,8,2,8,,,,,2,8,5,8,1,6,3,3,,,,,,,2,8,,,,,,,1,8,,,,,2,8,8,8,,,3,8,,,2,8,3,8,3,8,3,8,,,,,2,6,2,6,2,8,,,,,3,8,,,2,8,,,6,6,,,5,8,2,8,,,,,,,,,,,,,,,,,,,,,,,,,3,5,2,8,3,8,8,6,,,2,8,5,8,2,8,3,8,,,5,8,,,,,,,,,3,8,3,8,2,5,2,5,1,6,,,,,,,4,8,2,8,,,2,8,,,,,,,2,8,,,,,3,8,2,8,,,,,1,6,,,3,8,2,8,,,,,2,8,,,,,,,,,,,3,8,2,4,2,8,2,8,,,,,3,6,2,3,2,2,3,3,3,4,4,2,5,5,6,6,6,,,,,,,,,,,,,,,,,,,,,,3,4,2,2,4,4,1,4,7,5,5,5,5,4,4,5,4,4,4,4,5,5,5,5,5,5,5,3,3,3,5,2,2,2,5,5,5,5,4,4,4,4,6,5,5,5,5,5,5,5,5,5,4,5,5,5,5,,17,17,15,16,15,15,"3,4,6,7,8,10,11,12,13,14,15,16,17,19,22,23,24,25,28,29,30,32,35,36,37,38,40,41,42,46,47,48,49,50,51,52,53,54,55,56,57,58,59,60,62,63,65,68,72,73,75,76,77,78,79,80,81,82,83,85,86,87,88,89,90,92,95,96,97,98,99,101,102,104,105,106,108,109,110,111,113,116,117,118,119,120,121,122,123,124,125,126,128,129,131,132,135,136,138,140,142,143,144,145,146,147","1,5,14,18,30,37,41,44,48,51,52,62,71,74,76,83,93,106,132,136,142,143,146",Nothing was confusing during the study ,Not affected,"Yes, it made me question and think on myself",1,82,1,,,6,6,6,1,51403,SU,
19,1,,2,,3,6,1,2,Tagalog,1,,1,,6,,2,5,4,5,5,2,4,5,3,3,5,2,4,4,4,0,0,42.821,0,,,,,,,,,,,4,5,4,5,4,4,4,4,3,5,3,5,4,5,7,7,,,,,7,7,3,7,7,7,7,7,5,7,,,5,6,,,4,6,7,7,5,6,2,6,,,,,7,7,6,7,,,6,7,,,,,,,5,7,,,3,5,,,7,7,5,4,,,7,7,7,7,,,,,4,7,,,,,4,7,,,1,7,3,7,4,2,,,6,7,,,,,7,7,7,7,,,6,6,7,7,,,,,,,,,,,,,,,7,7,,,7,7,,,,,3,5,4,3,,,,,5,6,7,7,7,7,,,5,7,,,7,7,,,7,7,,,,,,,,,4,7,,,,,4,7,,,7,7,5,7,2,7,7,7,7,7,1,7,,,,,7,7,2,6,,,4,6,4,5,4,6,3,6,3,6,,,,,,,6,6,,,6,6,6,6,,,5,5,6,6,,,5,5,5,8,,,,,,,8,6,,,6,6,,,,,4,6,3,6,4,6,6,6,,,,,3,6,,,8,6,6,6,,,8,8,6,6,4,3,,,1,1,,,,,,,,,,,4,3,,,5,5,,,,,1,6,6,6,1,6,1,6,,,3,6,,,6,6,5,6,,,,,2,6,1,6,,,4,6,,,,,2,8,1,6,1,6,3,6,1,6,,,1,6,4,6,3,6,1,6,1,6,4,6,,,,,1,6,,,1,6,2,6,5,6,1,6,,,,,6,6,,,4,8,,,1,6,,,,,,,,,,,1,6,,,1,6,1,6,,,,,5,6,,,,,,,,,,,,,,,,,2,6,1,6,,,,,3,8,1,6,1,6,4,4,5,5,,,,,4,8,3,8,6,6,2,8,,,,,6,6,4,4,,,,,,,,,8,8,,,3,6,4,5,1,6,,,,,,,,,4,8,8,6,4,6,,,,,,,5,6,4,5,6,6,,,,,5,8,,,4,6,1,1,1,6,,,,,,,3,8,,,,,1,5,,,3,8,1,6,,,,,,,,,1,6,,,,,4,5,4,8,,,8,6,,,,,,,,,,,,,,,2,5,2,6,,,,,,,,,,,1,2,2,2,3,1,2,2,3,1,7,6,6,7,3,1,1,1,4,3,1,1,2,1,1,2,1,4,3,1,2,4,1,1,1,1,1,1,4,4,4,5,2,6,5,4,2,7,3,4,2,6,7,7,3,7,4,6,6,3,6,5,5,3,4,4,6,6,4,2,6,1,1,1,3,3,5,1,3,4,3,5,6,6,5,4,3,4,5,4,4,6,6,,17,17,15,17,17,14,44,"24,44,62,74,113",some of the vocabulary that were used were confusing,this really just made me reflect upon myself but nothing that made me emotional,"Yes, mainly when asking the confidence level of each of my answers.",1,100,1,,none,7,7,5,1,59385,NI,Above
19,1,,2,,2,4,2,2,Chinese,1,,8,,6,,4,3,2,4,2,3,2,4,2,4,4,4,3,2,3,,,,,11.418,16.341,20.544,2,,,,,,,2,3,4,1,3,3,2,2,2,3,3,3,,,4,4,3,3,,,,,,,,,,,,,,,3,2,5,6,,,,,,,3,3,3,2,3,3,,,3,3,3,2,,,4,4,3,3,4,4,,,3,3,,,2,3,,,,,2,2,,,,,3,3,4,4,,,3,3,3,3,,,5,5,,,,,,,3,3,,,5,4,5,6,,,,,3,2,4,4,,,7,7,5,4,7,7,3,3,5,5,4,2,4,5,,,5,6,,,,,5,5,,,,,3,2,,,,,,,,,3,2,,,4,5,3,3,6,6,,,5,4,4,4,5,5,4,4,,,3,2,5,5,,,3,2,,,,,,,,,,,,,,,4,4,,,,,1,1,,,,,,,,,,,2,2,3,3,4,5,,,4,4,,,,,2,1,,,,,8,8,,,,,3,3,5,8,4,4,,,2,2,,,4,3,4,4,,,4,4,,,,,3,3,4,4,,,2,2,,,,,3,2,,,4,4,,,3,3,,,,,5,8,8,8,4,3,3,4,,,,,,,3,3,4,5,,,,,,,,,2,2,,,2,2,,,,,4,4,2,2,,,,,4,4,,,3,2,2,1,,,,,,,,,,,4,4,,,5,5,,,,,,,,,4,4,4,2,,,3,4,3,2,,,,,,,2,3,3,2,,,8,5,,,3,3,,,2,2,5,4,2,2,5,8,3,3,,,3,2,,,,,3,3,2,1,,,4,,2,2,3,3,1,1,,,2,2,4,4,3,2,,,,,4,4,2,3,,,,,,,,,,,1,1,3,3,,,,,,,,,5,5,4,4,,,,,5,8,3,5,5,4,4,3,,,2,2,,,,,,,2,3,3,2,3,2,,,,,,,,,3,2,4,3,4,3,,,,,,,1,1,3,3,,,3,4,,,,,,,3,2,4,4,5,4,,,3,2,2,2,,,3,2,,,,,,,4,3,4,5,3,3,,,2,1,3,3,,,,,,,,,3,3,3,3,2,2,4,4,3,2,,,3,3,,,,,3,3,5,5,4,5,8,8,3,6,2,2,2,2,1,2,1,1,3,2,7,7,6,5,5,1,2,1,4,4,3,1,3,3,1,1,2,4,2,1,1,4,1,1,1,2,4,3,4,3,3,3,6,6,5,5,6,5,6,4,4,5,5,4,4,7,2,4,4,5,3,2,4,2,4,4,4,5,3,3,3,4,3,4,2,4,4,2,4,3,4,2,4,2,3,4,2,3,2,4,5,5,5,2,17,17,17,17,17,17,"30,41,47,48,52,55,63,64,89,100,101,104,118,136,144","20,27,50,56,88,104,115,127,148",I'm confused about writing words and I think some words have been repeated to you but most of them I think are very good.,I don't think I have any doubts and I take this questionnaire very seriously.,I don't have any doubts.,1,85,1,,I don't have.,6,6,6,1,59295,NI,Below
21,2,,2,,6,4,1,1,,1,,1,,1,,,,,,,,,,,,,,,,,,,,,,,,,,,,,,"One of the things that make me feel certain about myself is my parents. They are example of people that will love you unconditionally in a world where everyone is trying to compete for a spot at the top. Another is my personality. I think that my heart and morals will take me where I need to go. The last thing would be money. I think that in this society, money secures comfortability. ",2,4,4,1,2,4,1,2,2,2,2,4,5,7,,,,,7,7,,,,,,,,,,,,,,,,,6,6,,,5,6,,,4,6,6,6,,,,,,,,,,,,,4,6,,,3,6,,,5,7,,,5,7,3,3,4,7,,,,,,,,,3,6,,,6,7,6,7,3,6,5,7,,,5,6,5,7,,,5,7,,,,,5,7,,,,,,,5,6,,,4,7,2,6,6,7,,,,,5,7,,,3,6,2,7,5,5,,,,,4,7,5,6,5,6,,,,,3,6,4,7,,,6,7,,,6,7,6,6,,,6,6,,,,,,,,,5,6,5,6,,,6,6,4,6,4,6,,,4,6,,,,,,,4,7,5,7,,,,,,,,,,,,,5,8,4,8,4,8,5,6,5,6,,,,,4,8,,,4,8,,,5,6,8,8,4,8,5,8,,,3,8,,,4,8,4,8,,,2,8,,,8,6,4,8,,,4,6,,,,,,,,,,,5,6,,,,,5,8,8,6,,,,,,,,,2,6,4,8,2,8,,,,,3,6,2,8,,,2,6,4,6,5,6,4,8,,,2,8,3,8,2,6,,,,,,,,,,,,,1,6,,,,,,,2,8,,,,,5,8,,,,,,,2,8,4,8,,,,,,,,,4,8,2,6,,,,,4,8,4,6,,,,,,,,,3,8,1,6,2,8,,,3,8,2,8,2,6,,,3,6,2,8,,,,,2,8,,,1,6,,,,,2,6,,,1,6,,,,,,,,,1,6,2,6,4,8,3,8,2,6,2,6,,,4,6,,,,,4,6,3,8,3,8,2,6,5,8,5,6,3,8,4,6,2,6,2,6,3,8,2,8,,,,,,,,,4,8,,,,,8,8,,,3,8,,,4,8,1,8,4,6,3,6,,,,,3,6,,,,,1,6,3,8,4,6,,,,,2,6,,,3,8,3,6,3,6,,,1,6,5,6,,,,,2,6,1,6,,,3,6,,,,,4,8,3,8,,,2,6,2,6,4,8,4,6,1,8,,,,,,,,,4,6,4,8,,,2,2,1,1,3,2,2,1,4,1,3,3,5,3,2,2,3,1,4,4,2,2,3,3,2,1,2,4,3,1,3,3,1,2,2,2,1,2,4,2,4,4,2,3,3,6,6,5,5,3,5,7,5,7,5,5,3,3,4,5,5,4,2,5,3,4,6,5,3,3,3,5,5,4,3,4,4,2,5,6,6,6,5,5,4,5,3,3,4,2,5,5,5,,14,15,16,14,13,15,,"21,24",A lot of the questions were just opposites of others. ,I was affected a little because I had to introspect and think about myself.,"I experience some doubt within myself, but it was fleeting. ",1,80,1,,A great study overall!,5,6,6,1,58556,CONT,
18,2,,4,,5,3,1,2,Spanish,4,,9,,1,,,,,,,,,,,,,,,,,,,,,,,,,"Finances, Career, Social competence",6.094,53.254,72.857,5,,4,4,4,4,4,2,4,4,4,4,2,5,3,5,,,5,5,4,5,,,,,1,5,6,5,4,4,4,5,2,5,,,,,,,,,4,5,,,,,,,3,5,5,5,4,5,4,5,,,4,5,,,,,,,4,3,,,,,,,2,5,,,,,2,5,5,5,,,1,5,4,5,,,,,,,,,4,5,5,5,2,5,,,,,4,5,2,5,,,4,5,3,5,,,,,,,,,4,5,,,4,4,,,2,4,4,5,,,,,,,,,4,5,4,5,,,5,5,,,4,5,4,5,,,,,3,5,,,,,,,5,5,,,,,2,5,1,5,2,5,,,,,3,5,4,5,,,,,4,4,,,5,5,,,2,5,5,5,5,5,5,5,,,3,5,,,,,,,,,8,5,3,5,,,1,5,,,4,5,,,,,4,5,3,5,,,,,,,3,5,2,5,,,,,4,5,4,5,,,,,,,8,5,2,5,,,,,5,5,4,5,5,5,8,5,4,5,2,4,2,5,4,5,,,5,5,5,5,,,3,5,2,5,3,5,3,5,,,,,,,,,1,5,2,4,8,8,,,2,4,2,5,,,,,,,3,5,2,5,,,,,,,,,2,4,1,5,,,3,5,3,5,,,2,5,,,3,5,,,,,3,5,,,,,1,5,1,5,2,4,,,,,8,8,3,5,,,2,5,2,4,3,5,,,,,,,,,2,5,,,2,5,,,4,5,2,5,2,5,2,5,4,5,,,2,5,,,2,5,2,4,,,3,5,,,,,2,5,,,1,5,,,,,,,,,2,5,,,2,4,2,5,4,5,3,5,,,,,2,5,,,2,4,,,5,5,2,5,,,,,2,5,,,2,5,2,5,2,5,,,,,4,5,1,5,8,5,,,,,,,,,,,3,5,,,,,,,3,5,3,5,,,,,,,,,4,5,,,4,5,2,5,3,4,2,5,4,5,,,,,1,5,,,,,,,,,2,5,,,4,5,,,4,5,5,5,,,2,4,,,,,,,2,5,8,5,2,5,,,4,5,,,,,5,5,,6,3,2,2,2,2,2,2,2,3,3,3,3,6,6,4,1,1,1,4,2,2,1,1,2,1,2,2,2,1,1,1,3,1,1,1,1,3,3,4,4,3,2,3,6,5,5,4,4,3,6,5,6,6,5,6,5,6,6,3,6,6,6,5,5,6,5,3,2,5,5,2,5,5,5,5,5,5,5,5,5,4,4,4,5,4,4,4,5,4,4,4,4,5,,16,15,14,16,16,16,"9,64",37,I found it odd when I realized how I think in a situational manner when responding to questions.,"I felt that I already new quite a bit about how my answers would proceed, so not really.","I experienced as much doubt as I do on a normal basis, however it was mainly trying to think of situations and how they may affect my answers.",1,81,2,I am a person who thinks in situational matters so it was hard for me to respond overall as I don't think that I have a good understanding of myself.,,6,6,5,1,58876,SU,
19,2,,2,,2,4,1,2,korean,1,,2,,2,,,,,,,,,,,,,,,,,,,,,,,,,,,,,,"Some aspects that make me feel certain about my life is my family, friends, and religion. ",4,4,4,3,4,3,4,2,4,5,4,4,,,4,7,,,4,5,5,7,4,6,,,,,,,2,6,,,7,7,7,7,4,7,6,6,,,5,7,3,5,,,,,,,,,,,,,,,4,6,6,7,2,5,,,4,4,4,6,7,7,,,,,,,,,,,5,5,,,,,4,5,5,6,,,,,,,,,,,6,6,6,7,,,,,7,7,4,5,,,7,7,6,7,6,7,5,6,,,6,7,,,4,7,,,,,4,5,2,6,4,5,5,7,5,7,,,6,7,,,,,,,,,5,6,7,7,,,7,6,3,6,4,5,,,6,6,5,7,,,,,,,5,7,6,7,,,,,,,6,6,3,6,7,7,,,5,6,,,,,,,,,8,8,,,2,8,3,6,8,8,5,8,,,,,6,6,,,,,,,5,6,3,6,,,,,6,8,3,8,5,6,,,,,,,3,5,,,,,4,8,6,6,8,6,,,,,,,4,6,,,,,,,,,,,,,,,5,6,8,6,,,,,4,8,,,4,8,,,,,3,5,1,6,2,8,3,8,,,,,,,2,6,,,,,2,5,1,6,3,6,,,,,2,8,2,8,1,6,2,6,,,,,4,6,,,,,3,8,,,4,6,,,4,5,1,5,,,8,8,2,6,,,,,,,4,6,2,8,,,,,5,8,,,,,,,1,6,4,8,3,5,1,6,,,3,8,,,,,,,,,,,,,,,8,6,,,4,4,,,2,8,2,8,,,1,6,1,6,2,8,8,8,,,3,8,1,6,1,6,4,6,,,2,6,,,,,,,,,1,5,3,8,,,5,6,,,2,8,,,,,,,1,8,,,3,8,,,,,,,1,6,6,6,3,8,,,,,4,6,3,5,4,5,1,6,4,8,,,8,6,3,8,,,,,,,2,6,4,8,,,3,6,,,2,6,,,,,,,,,,,1,8,2,8,2,6,2,8,3,6,2,6,1,6,,,4,8,,,1,8,3,6,,,1,8,,,8,6,1,6,2,8,1,6,,,,,3,8,,,2,6,3,8,,,3,,1,2,3,3,2,3,2,3,2,3,5,2,5,3,4,3,3,3,2,2,3,2,2,2,3,3,3,3,3,2,2,4,2,2,3,3,3,2,3,2,4,3,5,4,3,3,5,4,5,3,4,5,2,5,4,3,2,3,3,4,3,4,2,5,3,4,3,2,4,5,5,4,3,3,4,3,4,3,2,3,3,3,4,4,3,5,5,5,4,5,4,3,4,2,15,15,15,15,15,15,"1,3,7,11,15,16,17,19,20,22,25,26,27,28,30,37,38,40,41,43,45,46,47,48,49,50,51,53,54,57,58,59,60,61,62,63,65,67,68,71,72,73,75,77,80,81,82,83,85,88,89,91,92,94,97,99,101,102,104,106,108,110,111,113,114,115,122,125,135,143,144,145","7,47,54,68,97,113,135",no,no,no,1,90,2,no,no,6,6,5,1,60068,CONT,
18,2,,4,,4,5,1,2,Spanish,1,,1,,1,,,,,,,,,,,,,,,,,,,,,,,,,,,,,,"The three aspects of my life that make me feel certain about myself, my future, and my place in the world would have to be my relationship with my family, school, and my mental strength. My family most certainly makes me feel certain on myself because they are always there to support me. School has helped me feel certain on my future and what I want to achieve later on in life. And my mental strength makes me feel certain in the world because it gives me confidence. ",2,4,2,2,3,2,3,4,3,2,4,5,2,3,5,6,,,,,5,5,,,,,,,5,5,,,,,,,,,5,5,5,5,4,4,,,,,5,5,2,2,,,,,,,4,4,6,6,,,,,,,6,6,4,4,,,,,4,4,1,5,5,5,5,5,,,4,4,,,,,6,6,,,6,6,4,4,,,7,7,,,3,4,,,,,,,7,7,4,4,5,5,,,4,5,,,,,,,5,6,6,6,5,5,,,6,6,4,4,6,6,,,4,4,,,,,,,,,6,6,1,6,5,5,4,4,5,5,,,,,,,,,6,6,,,,,4,4,5,5,,,,,,,,,4,4,5,5,3,3,,,5,5,,,,,,,,,4,4,,,,,,,8,8,4,4,5,5,,,,,,,6,6,8,8,1,8,5,5,,,4,4,,,,,,,,,4,4,,,4,4,4,4,4,4,,,5,5,,,,,8,8,,,4,4,4,4,,,8,8,2,3,8,8,,,5,5,4,4,3,4,,,,,,,,,3,4,4,4,4,4,2,4,,,2,4,1,6,,,,,3,3,3,4,,,,,4,4,,,,,,,2,4,,,,,,,,,2,5,,,4,4,,,3,3,2,4,,,,,,,4,5,,,2,8,,,2,4,4,4,,,,,,,,,,,2,5,3,4,2,4,,,3,4,,,4,8,,,2,5,,,,,4,4,2,5,1,6,1,4,,,1,6,,,1,6,,,6,6,,,4,5,1,6,1,6,,,1,6,,,1,8,4,4,,,4,4,,,,,2,4,2,3,2,5,2,4,2,4,3,5,,,,,2,4,,,,,4,4,,,4,4,2,4,3,4,4,4,,,2,4,3,4,,,,,,,,,,,1,4,2,3,,,4,4,,,,,4,5,,,,,2,4,3,5,3,4,2,2,2,4,2,5,,,2,5,2,5,2,8,,,4,4,,,1,6,,,,,,,,,1,6,2,8,4,4,3,4,,,1,6,2,4,4,4,,,,,,,,,,,,,1,6,,,,,,,2,4,,,3,3,,,,,,,3,,2,2,2,2,3,2,2,3,3,2,5,6,6,6,5,3,4,3,4,2,3,2,3,3,2,2,2,3,3,2,2,4,2,2,3,1,3,2,4,2,4,3,4,5,5,5,3,3,4,4,5,5,5,3,4,4,3,5,5,5,2,3,3,4,5,4,4,5,3,3,4,5,4,4,4,4,4,4,5,5,3,5,5,4,4,3,2,2,3,3,4,4,4,"2,3",17,17,14,17,14,14,"2,18,23,64,66,99,100,137","23,44,48,74,87","I didn't find anything confusing, unusual, or odd. ",I was not affected by observing the information during the task. ,I did experience doubt when I had to choose whether the characteristics defined me or not. ,1,70,2,I expressed doubt when I had to choose if the words/characteristics defined me. I was thinking about how others might see me instead of allowing myself to define me. ,No comments or feedback. ,7,7,7,1,59254,CONT,
18,2,,4,,5,3,2,2,Spanish,6,,1,,5,,,,,,,,,,,,,,,,,,,,,,,,,"Money, climate change, indecisiveness. ",2.302,58.655,74.587,10,,4,5,5,5,5,1,4,5,5,5,1,5,,,,,3,7,5,7,,,6,7,3,7,,,,,4,7,3,7,5,7,6,7,,,,,,,1,7,4,4,6,7,,,6,7,,,5,7,3,7,,,6,7,4,4,7,7,,,,,4,7,4,7,,,2,7,3,7,,,6,7,,,1,7,,,,,1,7,,,4,7,5,7,,,,,,,,,7,7,7,7,,,,,,,7,7,,,7,7,2,7,7,7,,,,,,,5,7,4,7,,,,,2,7,,,4,7,4,7,,,7,7,1,7,,,,,,,,,5,6,6,7,7,7,,,,,4,5,5,7,,,,,1,7,6,7,4,7,6,7,,,4,7,,,4,6,,,,,4,6,3,7,5,7,,,8,6,4,6,3,8,,,,,,,5,6,8,6,4,8,,,,,2,6,,,6,6,,,6,6,6,6,6,6,4,6,,,4,8,,,1,6,,,2,6,,,8,6,,,,,4,6,,,1,6,,,,,,,,,8,6,,,,,,,5,6,6,6,,,8,6,,,,,,,,,3,8,,,,,8,8,3,6,,,,,4,6,6,6,,,2,6,4,6,,,,,4,6,4,6,3,6,2,6,,,4,6,,,1,6,,,,,2,6,4,6,4,6,,,3,6,,,2,6,,,,,4,6,1,6,1,6,5,8,4,6,,,,,,,2,6,,,2,6,,,1,6,,,3,6,1,6,,,,,,,3,6,2,6,,,2,6,,,4,5,,,3,6,,,,,,,5,6,,,3,6,,,,,1,6,,,2,6,1,6,,,,,,,,,,,,,6,6,6,6,,,6,6,2,6,,,,,,,,,,,3,8,1,6,,,,,,,2,6,4,6,2,6,5,6,,,,,6,6,,,3,6,2,8,,,4,6,3,6,,,,,4,6,,,,,,,,,3,8,,,,,1,6,,,1,6,,,3,4,3,6,2,6,2,8,,,,,,,,,2,6,,,,,,,3,6,8,6,3,6,2,8,2,6,,,,,4,4,4,4,5,6,,,4,4,,,,,3,6,,,,6,4,1,3,2,1,1,3,1,1,3,1,2,2,3,3,4,4,3,4,1,3,4,2,2,4,4,4,2,2,4,2,3,4,4,4,3,2,2,4,4,5,2,1,4,7,5,7,3,2,6,2,7,5,5,6,4,5,6,6,6,6,5,3,6,1,3,4,6,1,1,6,2,1,1,1,2,1,1,3,6,6,6,6,1,3,6,5,6,2,2,1,1,3,,17,15,11,15,16,17,18,106,No,It made me overthink my mental state.,No,1,90,1,,,7,6,7,1,58878,SU,
19,2,,9,Polish,7,7,3,2,"Polish, Spanish",1,,1,,1,,4,2,4,2,3,5,2,5,4,1,4,2,5,3,4,0,0,87.026,0,,,,,,,,,,,2,2,4,2,2,4,4,2,1,2,4,3,7,7,,,,,,,5,6,,,,,5,5,,,6,6,,,,,,,,,7,7,,,,,,,,,7,7,7,7,4,4,6,7,5,6,,,,,6,6,4,4,,,,,,,5,6,6,6,,,,,5,6,,,4,5,,,6,6,4,4,4,6,7,7,,,7,7,6,6,4,4,,,7,7,4,4,7,7,,,,,,,,,,,,,,,,,,,7,7,,,,,,,,,,,5,6,,,4,5,,,4,5,5,7,,,6,6,,,,,6,6,,,3,6,5,6,4,4,,,,,4,5,,,,,,,5,6,4,6,,,,,,,,,4,4,,,7,7,,,6,6,5,6,,,,,,,,,4,8,,,6,6,3,5,,,,,,,6,6,,,4,5,,,,,,,4,4,8,8,,,,,,,4,4,,,,,,,,,,,5,8,,,,,5,5,5,8,4,4,8,8,,,8,8,,,6,6,,,,,,,5,8,5,5,6,6,,,8,8,,,,,,,,,,,3,4,2,5,2,8,2,5,4,5,6,6,,,5,4,,,8,8,2,5,,,2,8,,,,,,,,,5,8,,,5,8,4,4,4,5,,,,,5,8,2,5,,,4,5,,,5,8,,,,,1,6,4,5,3,8,2,8,,,3,4,4,4,4,8,,,8,8,5,5,1,6,,,2,5,,,2,8,1,8,2,5,,,,,,,,,3,5,,,,,2,4,2,8,4,5,,,,,2,6,,,,,,,,,1,6,2,8,6,6,,,5,8,6,6,4,5,4,3,,,,,,,2,5,2,5,,,1,6,,,,,8,8,8,6,4,8,,,4,4,4,4,5,8,2,8,,,6,6,6,6,2,8,4,6,,,,,,,4,8,,,5,5,,,4,5,,,4,4,,,2,5,5,5,4,5,,,1,6,1,8,1,8,1,6,2,5,5,3,,,4,4,1,6,1,6,,,,,,,,,,,1,6,3,5,,,4,5,2,6,,,,,2,5,2,8,,,1,6,4,4,4,6,,,4,3,4,8,,,2,5,,,2,2,2,2,3,3,1,2,2,2,2,6,4,2,2,1,2,1,4,4,1,2,1,3,1,1,1,2,1,1,2,2,1,2,1,1,4,4,3,1,5,5,3,2,5,6,7,2,3,3,5,3,5,4,1,6,5,6,6,4,4,3,6,6,6,6,2,2,5,6,4,5,5,6,6,6,4,5,5,4,6,6,6,4,3,4,2,1,1,1,2,2,4,,17,17,17,17,12,17,,"21,24,98",The graph showing how typical/atypical you are on average mid-study...seems like it could be related probably to the following questions asked.,no,no,1,83,2,,,5,6,6,1,58987,NI,Above
27,2,,4,,5,4,1,2,Spanish,1,,1,,1,,2,5,4,5,1,4,5,4,4,2,5,4,4,1,1,,,,,4.293,42.861,44.369,5,,,,,,,5,5,5,5,4,2,4,4,4,2,4,2,,,5,7,4,4,7,7,,,4,5,,,4,7,2,4,,,3,7,4,5,3,7,7,7,,,4,6,4,7,5,7,7,7,,,,,7,7,,,,,7,7,,,,,,,1,7,5,6,4,5,,,,,1,7,1,7,,,4,6,,,5,7,,,,,,,7,7,1,7,,,,,5,6,7,7,7,7,,,,,4,4,5,5,7,7,5,7,3,7,4,6,4,7,5,7,4,7,,,4,,7,7,,,3,5,4,4,,,4,7,,,5,6,4,7,,,,,,,7,7,5,6,,,,,,,,,,,,,5,4,,,,,5,7,4,7,,,,,1,7,7,7,5,7,1,,,,4,6,6,7,3,6,,,,,7,7,8,6,,,4,4,,,4,8,,,,,,,6,6,5,8,,,1,6,,,6,6,6,6,6,6,,,,,4,4,3,6,8,8,,,3,6,4,5,4,6,1,6,,,6,6,8,6,4,6,,,,,3,6,,,8,6,,,4,8,,,5,6,4,6,4,6,,,6,6,,,4,4,,,1,6,6,6,5,5,4,4,2,8,,,,,,,,,,,,,6,6,,,2,8,,,,,5,5,,,1,6,6,6,2,8,3,8,,,,,,,,,,,2,8,6,6,,,,,5,8,,,,,,,,,1,6,,,,,,,,,,,,,,,,,1,6,,,,,,,6,6,,,8,6,,,,,,,5,6,3,6,4,8,1,6,,,6,6,,,,,,,,,6,6,5,8,,,2,8,4,6,6,6,6,6,,,,,,,1,6,,,,,,,,,5,6,8,6,6,6,,,,,6,6,1,8,2,8,5,6,,,,,,,4,8,,,1,6,,,,,4,8,,,,,,,,,,,6,6,6,6,,,8,6,,,4,8,,,6,6,,,1,6,,,6,6,,,5,5,,,,,,,,,,,,,4,6,,,,,,,4,4,,,1,6,3,4,4,6,,,,,4,4,,,,,6,6,6,6,3,4,,,6,6,,,,,,,5,6,,,,,6,6,6,6,,6,2,2,3,3,2,3,3,2,3,2,4,5,5,7,1,1,1,2,4,3,1,1,4,3,1,1,3,2,2,1,1,3,1,2,2,1,2,1,4,4,2,2,5,4,6,3,5,1,4,5,5,5,6,3,4,4,4,6,6,4,6,4,6,6,5,4,1,5,5,4,3,4,3,1,2,2,4,2,2,6,6,2,4,3,3,4,2,2,2,2,2,2,6,,17,17,11,17,14,11,,148,I found it confusing how some of the questions were re-worded. I had to go back and check what I had put as an answer for the prior questions. It was like I was doubting myself or was unsure of how to answer the follwing re-worded question.,I was affected by the information because I always pride myself in calling others out when they aren't being honest or themselves and I myself am not honest or myself around my mom sometimes and it was like a slap in the face when answering those survey questions.,Yes. ,1,75,1,,,7,5,7,1,58880,NI,Below
19,2,,3,,4,8,2,1,,1,,2,,6,,,,,,,,,,,,,,,,,,,,,,,,,,,,,,"The three that make me feel the most are the ability to attend a university, financial stability, and good health. ",2,4,5,4,4,2,4,4,4,3,4,3,,,,,3,7,,,5,5,,,3,5,6,6,4,5,2,3,,,4,5,,,,,,,,,5,5,,,,,6,6,6,5,,,5,6,5,6,,,7,7,5,5,,,,,,,,,,,7,7,,,,,6,6,4,4,6,7,,,5,5,5,6,5,6,,,,,,,,,6,6,,,5,6,,,,,6,6,5,5,,,5,5,,,,,6,7,5,6,6,6,,,5,6,7,7,4,2,2,5,,,5,5,,,3,6,,,5,6,6,6,2,6,7,7,6,7,4,4,,,4,5,6,6,,,4,2,6,7,,,,,6,6,,,7,7,,,4,4,,,6,6,6,7,,,,,,,,,5,6,,,6,6,4,4,,,5,8,8,5,,,4,4,,,,,2,5,,,8,8,,,3,4,4,4,6,6,,,,,6,6,8,8,,,,,5,8,,,3,4,,,,,5,4,3,5,,,8,6,,,,,,,,,6,6,,,5,5,,,,,4,4,8,6,5,5,4,5,8,8,,,4,8,,,8,8,8,6,,,,,1,4,,,,,4,5,,,3,5,6,6,8,8,,,1,6,4,8,,,2,5,,,,,,,3,5,,,,,2,8,,,3,4,2,8,,,,,8,6,,,,,2,8,4,4,8,6,1,8,,,,,,,,,,,2,8,,,4,4,,,,,8,6,,,,,5,8,1,5,4,8,,,,,4,4,2,8,1,5,3,5,,,,,,,4,4,,,,,2,4,4,5,,,,,2,8,,,,,4,4,,,2,8,,,5,4,,,,,,,8,6,4,4,4,4,,,,,2,5,8,8,3,5,,,3,5,3,8,,,,,,,,,,,4,5,6,6,,,6,6,,,,,,,,,,,,,2,6,,,,,,,5,5,,,5,8,,,,,5,8,4,4,2,5,,,3,4,2,8,,,,,4,5,1,4,,,3,5,3,5,2,6,1,6,,,,,,,,,,,2,4,2,4,,,5,4,,,,,2,8,2,4,,,2,6,,,4,5,1,6,,,4,5,8,8,3,,2,2,1,1,3,3,2,1,2,3,4,7,6,6,3,4,1,3,4,3,3,3,3,2,3,2,2,2,3,4,3,3,3,4,4,1,4,4,2,1,4,4,1,5,4,6,6,6,6,4,6,5,3,3,7,4,5,6,6,6,1,3,6,1,3,5,6,6,4,3,5,3,2,2,4,4,5,5,6,6,6,6,6,4,5,6,6,6,5,5,4,4,5,,17,17,16,15,17,17,"64,76,100",71,No,No,A little because it was based on my perception of myself,1,99,1,,,7,7,7,1,57269,CONT,
18,2,,2,,4,9,2,2,Vietnamese,3,,5,,1,,,,,,,,,,,,,,,,,,,,,,,,,I felt the most uncertain about my future when I failed my English class and had a really low GPA,86.336,331.45,331.995,6,,3,5,5,5,5,5,5,4,3,3,2,3,5,5,5,4,,,6,6,,,4,4,4,4,,,,,,,5,3,,,5,6,6,6,3,4,6,4,,,4,4,7,6,,,,,6,7,,,,,4,4,,,,,5,5,4,4,6,5,4,4,4,4,,,5,5,5,5,,,,,,,6,7,6,7,,,,,7,7,4,4,1,7,7,7,,,6,6,,,,,7,6,,,,,7,7,,,4,4,6,4,,,,,,,4,4,,,,,4,4,,,4,4,,,5,5,,,4,6,,,,,4,6,,,,,,,6,6,6,5,,,6,6,5,7,7,7,5,6,5,3,5,5,7,7,,,6,6,,,,,,,,,5,4,4,4,,,6,5,,,,,,,,,5,8,5,8,,,3,8,,,8,8,4,4,5,8,,,,,5,5,,,,,,,,,3,8,,,,,4,8,5,8,,,4,,,,4,8,6,8,,,5,4,8,8,,,4,4,4,4,2,5,,,,,,,,,4,4,3,8,,,,,,,,,,,8,8,,,4,5,,,,,1,4,3,5,,,4,4,4,5,,,8,6,,,,,,,8,5,,,5,4,4,4,,,8,6,1,8,4,4,,,,,1,4,1,6,1,6,,,,,4,4,4,4,,,4,4,1,4,,,2,2,,,,,5,4,4,4,,,8,5,8,8,8,8,4,4,,,3,4,4,4,,,2,8,8,5,,,,,,,2,4,1,4,,,,,,,,,2,8,5,5,5,5,1,6,,,1,4,,,,,2,4,4,4,,,8,8,5,8,,,1,4,,,2,6,,,8,6,4,4,1,2,,,,,,,8,8,8,5,,,,,,,5,5,,,,,5,4,8,5,5,4,1,4,4,4,,,,,1,6,,,4,4,5,3,4,5,8,5,3,8,,,,,4,4,2,5,,,,,8,8,,,4,4,,,,,,,,,4,4,,,,,1,6,4,4,,,,,,,,,,,,,,,2,8,1,4,1,6,5,4,4,4,,,,,,,,,,,1,5,,,,,4,4,,,4,4,,,,,3,4,,,,,,,2,1,2,3,2,1,2,1,3,2,2,3,5,4,1,3,2,1,4,2,1,2,3,3,2,1,1,2,2,3,1,2,1,2,3,1,2,2,2,5,5,4,3,7,7,5,6,5,4,7,7,4,7,5,5,4,3,5,5,6,6,6,6,6,6,6,5,6,5,4,4,6,5,4,6,6,6,6,6,5,6,6,6,3,6,5,6,5,5,5,5,6,6,,17,17,14,17,15,17,"27,44,61,91,141","44,64,109,132,133,143",,,,1,92,2,,,5,7,5,1,59205,SU,
19,2,,2,,6,3,1,2,Korean,1,,2,,1,,,,,,,,,,,,,,,,,,,,,,,,,"With the way things currently stand, I think I am most doubtful about what it means to be a Christian or a Democrat. Neither feel as though they encapsulate who I am as an individual, as the collective nature carried by Christians has been more hostile than what I believe it should be. The same goes with being a Democrat, as so little of what has been promised has ever been followed through. Compared to the other listed options, however, they still remain the terms that apply towards me the most. I do not think there is a third factor of uncertainty that applies to me at this moment.",7.114,173.896,308.646,6,,3,2,2,3,2,3,1,1,2,4,4,2,4,4,5,4,5,4,,,5,5,3,4,3,4,5,4,,,,,,,4,4,5,4,,,5,4,,,,,,,,,4,4,6,4,,,4,4,,,6,6,4,4,,,,,6,4,,,3,5,,,5,4,,,3,4,5,4,5,5,,,2,5,4,4,4,4,,,,,,,,,,,,,,,,,4,4,,,4,4,5,4,,,,,4,4,,,,,,,,,5,4,2,4,4,4,,,,,6,5,3,4,4,5,,,,,,,6,5,,,,,6,5,5,5,,,4,4,,,,,3,4,5,5,,,,,3,4,,,2,4,,,3,4,6,4,,,6,4,,,3,4,3,4,4,4,5,4,5,4,,,,,5,4,,,,,,,5,5,,,3,4,5,4,4,4,5,5,3,4,4,4,,,,,5,4,,,6,5,4,4,4,4,4,4,,,,,3,4,4,4,,,,,,,3,5,,,3,4,3,4,,,2,4,,,2,5,,,3,4,,,,,,,,,,,8,5,8,5,,,,,4,4,4,4,,,2,4,,,,,,,2,5,5,4,,,,,,,4,4,,,,,,,4,4,,,,,,,,,2,4,,,,,,,3,4,,,4,4,8,4,5,4,,,3,4,,,2,4,3,4,5,4,,,5,4,4,4,,,,,4,4,,,2,4,5,4,,,5,4,5,4,,,4,5,,,,,4,4,,,,,,,3,4,5,4,4,4,,,,,,,5,4,3,4,2,5,5,4,,,,,,,3,4,,,,,,,3,4,,,,,,,,,,,4,4,,,,,,,,,3,4,,,,,,,,,2,4,3,4,5,4,3,4,,,4,4,,,3,4,,,,,5,4,5,4,,,,,5,4,3,4,5,4,,,8,4,8,4,5,4,3,4,5,4,5,4,2,4,,,,,4,4,,,3,4,4,4,,,,,4,5,2,4,5,4,,,,,,,1,5,,,3,4,5,5,,,,,3,4,,,3,4,4,4,5,4,,,2,4,3,4,,,8,4,5,4,3,4,,,,,5,4,,,3,6,2,2,2,3,2,2,2,3,2,3,2,2,5,2,2,1,3,1,4,1,2,3,2,1,1,1,2,2,1,1,1,2,1,3,2,2,2,3,2,2,4,4,3,3,5,5,5,4,3,5,3,5,6,3,3,5,3,4,4,5,4,3,3,3,4,4,2,5,4,4,3,4,3,5,4,4,4,3,3,5,5,4,3,2,2,2,3,2,2,2,3,3,4,,17,16,15,15,13,14,23,,I think not defining the characteristics yet having us rate ourselves based on those terms was interesting. ,No,No,1,,2,,,5,6,5,1,58628,SU,
20,1,,4,,5,4,2,2,Spanish,1,,1,,1,,4,2,1,4,1,4,4,5,5,4,1,2,4,3,4,,,,,0,0,20.062,0,,,,,,,3,4,5,5,5,5,4,4,3,4,3,4,,,,,,,5,6,,,,,,,,,6,6,7,7,6,6,,,,,2,6,,,5,6,,,6,7,5,6,,,,,5,7,,,,,,,,,4,6,5,6,,,6,6,,,6,6,,,,,,,,,,,5,6,,,,,,,,,3,6,6,7,3,5,5,4,,,,,4,7,1,7,2,7,,,,,5,6,4,7,,,,,,,6,6,6,6,,,,,,,6,6,2,6,,,,,,,,,7,7,2,6,,,4,4,6,6,,,,,5,5,,,,,2,6,,,,,3,7,7,7,,,2,6,,,7,7,,,7,7,7,7,,,4,7,,,2,7,,,,,7,7,5,6,7,7,,,8,6,8,6,8,6,,,8,6,,,,,6,6,,,,,,,4,6,6,6,8,8,2,6,,,,,,,,,4,8,5,5,,,,,8,8,5,6,,,,,3,8,,,,,5,8,2,8,,,3,8,4,8,,,3,8,4,5,4,8,8,6,4,8,,,,,4,8,4,8,,,,,8,8,,,1,8,2,6,6,6,,,,,6,6,2,8,6,6,,,8,8,5,8,5,8,,,8,8,5,8,4,4,8,8,2,8,5,5,,,4,6,,,8,8,,,,,,,,,,,4,5,,,,,6,6,8,8,,,4,4,,,8,8,,,2,8,,,,,2,6,,,,,4,4,,,3,8,8,8,,,2,6,8,8,8,8,,,,,,,,,,,8,6,8,8,,,,,,,6,6,8,8,8,6,,,2,8,2,6,5,8,,,8,6,5,5,1,6,5,8,,,,,6,6,5,5,8,8,8,6,,,8,8,8,8,6,6,6,6,,,,,,,,,,,,,5,8,,,8,6,6,6,,,,,,,5,8,,,8,8,,,8,8,,,4,8,,,,,,,,,1,8,,,8,8,,,8,8,,,,,,,8,8,,,,,8,6,8,6,2,8,5,6,8,8,8,8,,,,,5,5,4,4,,,3,8,4,5,,,8,8,5,8,,,,,4,5,,,,,,,4,8,8,8,,,3,8,3,,3,2,2,2,2,2,3,2,2,3,4,3,2,5,3,3,2,2,4,3,3,3,2,3,2,1,1,2,1,3,1,2,1,3,3,3,3,2,2,3,4,4,3,3,3,4,3,5,4,4,5,5,5,5,5,4,3,5,4,5,3,4,5,5,4,3,1,2,5,5,2,4,4,4,4,5,3,5,4,4,5,5,5,5,5,5,5,5,5,5,5,5,5,,17,17,15,17,14,17,"18,21,29,44,69,93,103,107,118,130,140","21,35,44,48,54,90,107,146",Some of the questions that were made to make sure that we were reading everything.,"No, I think it is calm.",no,1,60,1,,It made me very sleepy.,5,6,5,1,58670,NI,Below
22,2,,"3,4",,2,5,1,1,,1,,2,,2,,,,,,,,,,,,,,,,,,,,,,,,,,,,,,"Not sure if I understand the question? But, I feel certain about my political identity and I feel certain about my goals in life.",5,5,5,5,5,1,5,5,5,5,2,5,,,,,,,5,7,,,2,7,,,4,5,,,,,,,,,7,7,5,4,,,3,4,1,7,,,,,,,6,7,,,,,1,7,,,4,3,,,,,5,7,5,7,4,4,,,4,7,5,6,1,7,,,,,,,,,,,6,5,1,7,,,4,1,,,,,4,7,2,4,5,6,4,4,5,7,4,4,5,6,,,4,4,5,6,1,7,2,7,,,6,7,,,4,4,2,6,1,7,,,,,2,5,4,6,2,7,,,4,5,7,7,5,6,,,,,,,5,5,,,4,4,5,6,,,,,,,,,1,7,,,,,,,,,4,5,,,,,5,6,,,2,5,7,7,,,1,7,,,1,6,,,,,4,5,4,8,4,4,4,5,4,3,,,4,5,6,6,,,,,4,6,,,3,4,,,6,6,8,6,,,,,4,6,4,3,4,8,4,8,,,,,4,8,4,6,,,,,2,8,1,6,,,6,6,,,4,6,,,,,,,,,,,4,4,6,6,4,5,5,8,,,,,,,,,,,1,6,,,,,2,8,5,8,,,6,6,,,8,6,8,3,8,6,,,,,4,5,,,4,4,4,6,,,1,5,1,6,3,4,,,,,1,8,4,8,4,8,2,8,1,6,,,2,8,,,,,,,1,6,2,4,6,6,,,4,5,,,2,6,,,1,6,2,6,,,,,5,6,2,8,2,6,,,2,8,,,4,4,,,,,,,6,6,6,6,,,,,2,4,,,6,6,2,5,,,,,,,,,,,1,6,,,4,8,,,3,5,2,6,6,6,,,,,,,,,,,,,,,4,8,6,6,,,,,,,4,4,,,5,5,,,,,,,,,8,6,1,8,3,5,6,6,4,5,,,,,,,5,6,,,4,3,3,4,,,,,2,6,,,4,4,2,5,,,5,6,1,6,8,5,1,6,4,5,,,,,4,4,,,,,,,1,6,,,3,4,,,,,1,6,,,,,,,4,6,,,1,6,3,6,,,,,,,1,6,4,6,,,6,6,,,,,3,6,4,1,3,4,1,1,4,1,1,4,3,6,3,6,6,1,1,1,4,1,3,1,1,2,3,3,2,2,2,1,1,2,1,2,3,3,2,1,3,4,2,1,3,5,7,7,1,5,3,7,1,5,7,2,7,5,6,6,1,6,1,2,2,2,2,2,2,6,1,1,6,2,6,4,6,6,6,6,6,5,2,3,2,1,1,1,1,1,1,1,1,1,1,,12,16,17,17,14,11,44,,"Yes, the second page where I was asked to pick three things about myself that I was certain about. I did not understand if that was with respect to the characteristics on the first page or in general.",Made me a little anxious.,"Yes, I had a hard time describing myself and how I feel about certain things. I constantly doubt.",1,80,1,N/A,N/A,7,6,7,1,58745,CONT,
19,1,,3,,6,7,1,1,,1,,8,,1,,,,,,,,,,,,,,,,,,,,,,,,,"my experience in the world
my passion for what I want to do
what I am going to do for a living",7.33,7.33,69.583,1,,2,2,2,1,4,2,4,2,1,4,2,4,5,5,5,6,,,,,6,5,,,5,4,,,4,5,2,4,5,6,4,4,,,,,6,6,,,3,6,6,6,5,6,4,5,,,,,5,5,5,6,3,5,3,5,4,3,3,4,,,,,,,,,,,6,6,,,3,5,5,5,3,5,2,5,,,,,2,5,4,4,,,4,5,6,4,5,4,5,5,,,,,,,,,,,6,5,,,,,3,5,4,5,5,5,,,4,4,,,,,,,6,5,5,5,,,,,,,,,,,,,,,6,5,,,5,6,,,6,6,4,4,,,4,5,6,6,3,6,,,,,2,5,2,5,3,6,5,6,,,4,5,2,6,,,,,,,,,,,,,4,3,,,,,3,5,,,,,,,,,,,8,5,,,,,3,4,4,4,,,5,8,,,4,3,,,,,4,4,5,5,,,,,,,,,5,4,,,5,5,,,,,5,5,,,,,,,8,8,5,5,,,5,4,8,5,5,5,3,5,5,4,,,,,,,,,3,8,5,8,8,5,4,5,3,5,,,2,5,5,4,,,,,,,,,,,,,,,,,2,8,3,2,,,2,5,,,,,3,4,,,2,8,,,2,8,3,5,,,,,,,2,8,,,2,5,,,3,8,2,4,3,5,,,,,4,5,3,4,,,4,4,,,4,5,,,,,2,5,3,4,,,,,,,2,8,,,4,4,,,2,8,3,5,,,5,5,8,5,3,8,2,5,,,,,,,,,2,5,3,5,5,8,,,3,5,,,1,6,,,2,5,,,,,,,2,8,,,8,8,2,4,,,4,5,,,,,,,4,8,2,8,2,5,,,4,5,8,8,,,3,8,3,5,2,5,,,,,,,4,5,,,2,8,2,5,8,8,,,4,5,,,,,2,8,2,8,,,2,8,2,8,,,2,8,,,,,,,2,8,,,,,2,8,,,2,5,2,5,4,5,,,3,4,,,2,8,2,5,,,4,3,4,4,,,,,5,4,,,,,2,5,2,5,5,5,,,,,5,4,,,2,8,2,5,,6,3,2,2,3,3,2,3,2,3,3,3,4,3,4,2,1,3,2,4,1,4,2,2,1,2,1,3,3,2,3,1,3,1,3,1,2,3,3,2,2,4,3,3,3,5,5,5,5,4,2,5,3,3,2,3,6,2,3,3,5,5,5,6,5,5,5,2,2,5,5,2,3,4,3,3,3,4,2,1,2,4,5,4,2,3,3,2,2,2,2,3,3,3,,14,15,15,16,14,14,"18,23,137",,no,not much,yeah a little,1,87,1,,no,7,6,6,1,59139,SU,
18,2,,3,,4,6,2,2,Arabic,1,,1,,1,,5,5,1,4,4,4,2,2,1,1,4,2,5,3,5,0,0,25.087,0,,,,,,,,,,,2,3,2,3,2,1,3,1,1,2,4,2,6,7,7,7,6,7,,,3,7,6,7,6,7,,,5,7,6,7,6,6,6,7,2,7,,,7,7,4,7,6,7,,,,,,,,,6,7,,,,,7,7,5,7,,,,,,,6,7,,,7,7,,,4,7,,,5,7,,,,,,,6,7,7,7,,,,,3,4,6,7,,,5,7,,,,,7,7,,,,,,,,,,,4,7,5,7,,,6,7,,,,,4,7,6,6,7,7,,,7,7,,,,,7,7,6,7,,,,,5,7,,,6,7,,,,,,,7,7,,,3,7,7,7,,,6,7,,,,,,,7,7,6,7,7,7,5,7,7,7,,,3,7,6,6,,,6,7,5,7,7,7,,,8,6,,,,,,,6,6,,,,,3,6,8,6,6,6,6,6,,,,,,,,,8,6,,,,,5,6,,,,,,,,,8,6,4,6,6,6,8,6,,,6,6,,,,,5,6,4,6,,,,,,,,,,,8,6,,,,,,,6,6,,,,,,,,,,,,,,,,,,,1,6,,,2,6,8,6,5,6,5,6,4,6,1,6,,,,,1,6,,,1,6,,,1,6,,,4,8,1,6,1,6,1,6,,,1,6,3,6,4,6,,,2,6,,,2,6,,,4,6,3,6,,,,,3,6,,,,,,,,,,,3,6,6,6,1,6,,,4,6,2,6,,,1,6,,,,,1,6,,,2,6,1,6,,,,,,,,,,,1,6,,,,,1,6,,,,,2,6,,,,,1,6,,,6,6,2,6,,,2,6,4,6,2,6,,,,,2,6,,,5,6,,,,,2,6,,,,,1,6,,,2,6,1,6,1,6,,,,,,,1,6,2,6,6,6,6,6,3,6,2,6,,,4,6,,,1,5,3,6,8,6,,,,,,,4,6,3,6,,,1,6,,,,,1,6,,,4,6,2,6,,,1,6,1,6,1,6,,,2,6,1,6,,,2,8,1,6,,,,,1,6,2,6,1,6,1,6,,,1,6,,,,,1,6,,,1,6,2,6,,,3,8,,,1,4,1,1,4,4,1,4,4,1,2,6,6,2,5,1,1,1,4,3,3,1,2,3,1,1,1,3,3,2,1,3,2,1,1,1,5,5,1,1,5,5,3,1,4,6,6,7,7,3,5,2,3,1,1,5,5,6,6,6,2,5,5,2,6,4,2,2,6,6,1,3,5,6,5,5,5,6,6,5,6,6,6,4,5,4,5,4,5,6,6,6,6,3,16,17,15,16,17,17,"18,136",,No,No,No I didn't,1,100,2,,,7,7,7,1,57041,NI,Above
18,2,,2,,6,4,1,2,Indonesian,3,,9,,1,,,,,,,,,,,,,,,,,,,,,,,,,,,,,,"'- education
- ethnicity
- the people in my life",5,5,5,5,5,5,5,3,5,5,1,5,,,,,4,7,5,6,,,,,,,5,7,,,,,,,,,,,7,7,,,,,,,7,7,7,6,7,7,7,7,7,7,4,4,4,5,,,,,5,7,5,7,,,,,4,4,7,7,,,,,,,,,7,7,3,7,,,7,7,,,2,6,7,7,,,,,7,7,,,7,7,5,6,,,6,6,,,7,7,6,7,,,,,,,4,6,,,5,7,,,,,,,,,4,6,,,4,4,5,7,7,7,7,7,5,7,7,7,,,2,6,,,,,7,7,4,4,,,5,7,,,,,5,6,,,2,7,3,6,5,7,,,,,,,,,,,,,4,4,,,7,7,4,7,,,,,1,7,4,4,4,4,5,8,5,5,,,,,4,6,,,,,,,,,5,6,6,6,6,6,4,6,,,6,6,6,6,,,4,6,4,4,,,3,6,,,,,4,6,,,4,8,6,6,,,2,8,,,,,6,6,,,6,6,8,8,6,6,,,5,6,6,6,,,,,4,8,5,6,2,4,4,6,4,6,,,4,4,,,8,8,,,1,8,,,4,8,,,6,6,,,,,2,5,4,6,,,5,8,,,5,6,,,4,8,,,,,,,,,1,6,,,,,,,,,,,2,8,,,1,6,,,,,1,6,4,4,,,4,8,6,8,4,4,8,6,8,6,,,,,,,1,6,,,,,2,8,,,1,8,1,6,,,1,6,,,,,6,6,6,6,4,4,1,6,1,8,5,6,8,8,3,8,,,,,8,2,4,4,,,1,8,,,,,,,,,4,4,6,6,,,4,6,6,6,1,6,8,6,2,6,8,6,1,6,6,6,,,4,6,8,8,,,5,6,,,4,4,,,,,1,8,5,6,,,,,,,,,,,,,6,6,,,8,6,,,,,,,4,8,4,6,1,5,,,,,,,,,2,6,3,5,,,2,6,,,,,4,6,,,,,,,2,2,,,,,2,4,,,,,2,8,4,4,6,6,,,,,,,4,4,,,1,6,4,4,,,1,6,,,,,4,4,,,3,,2,2,3,2,1,1,3,1,2,2,4,4,4,4,3,1,4,4,4,2,4,4,3,2,2,3,1,3,3,3,1,3,4,4,4,3,5,3,1,1,5,3,1,7,7,7,4,5,5,4,5,2,4,5,7,7,3,6,4,6,5,6,6,6,6,6,2,5,3,3,5,2,2,3,4,5,4,5,2,4,2,2,2,4,4,4,3,4,2,2,2,2,2,,17,17,14,17,17,14,"9,18,23,64,67","25,41,44,48,71",,,,1,90,1,,,7,7,7,1,59076,CONT,
,,,,,,,,,,,,,,,,,,,,,,,,,,,,,,,,,,,,,,,,,,,,,,,,,,,,,,,,,,,,,,,,,,,,,,,,,,,,,,,,,,,,,,,,,,,,,,,,,,,,,,,,,,,,,,,,,,,,,,,,,,,,,,,,,,,,,,,,,,,,,,,,,,,,,,,,,,,,,,,,,,,,,,,,,,,,,,,,,,,,,,,,,,,,,,,,,,,,,,,,,,,,,,,,,,,,,,,,,,,,,,,,,,,,,,,,,,,,,,,,,,,,,,,,,,,,,,,,,,,,,,,,,,,,,,,,,,,,,,,,,,,,,,,,,,,,,,,,,,,,,,,,,,,,,,,,,,,,,,,,,,,,,,,,,,,,,,,,,,,,,,,,,,,,,,,,,,,,,,,,,,,,,,,,,,,,,,,,,,,,,,,,,,,,,,,,,,,,,,,,,,,,,,,,,,,,,,,,,,,,,,,,,,,,,,,,,,,,,,,,,,,,,,,,,,,,,,,,,,,,,,,,,,,,,,,,,,,,,,,,,,,,,,,,,,,,,,,,,,,,,,,,,,,,,,,,,,,,,,,,,,,,,,,,,,,,,,,,,,,,,,,,,,,,,,,,,,,,,,,,,,,,,,,,,,,,,,,,,,,,,,,,,,,,,,,,,,,,,,,,,,,,,,,,,,,,,,,,,,,,,,,,,,,,,,,,,,,,,,,,,,,,,,,,,,,,,,,,,,,,,,,,,,,,,,,,,,,,,,,,,,,,,,,,,,,,,,,,,,,,,,,,,,,,,,,,,,,,,,,,,,,,,,,,,,,,,,,,,,,,,,,,,,,,,,,,,,,,,,,,,,,,,58710,,
18,2,,2,,6,7,1,2,cantonese,3,,9,,1,,2,5,4,5,3,4,4,5,4,3,5,2,4,3,3,,,,,6.467,6.467,18.919,1,,,,,,,4,4,4,4,4,2,3,3,3,4,3,4,4,4,,,3,4,5,4,3,4,,,5,4,5,5,4,3,,,,,,,,,,,4,4,3,4,5,4,7,7,,,,,,,5,5,,,4,3,5,4,,,,,3,5,5,5,,,,,5,4,4,4,,,3,4,,,,,5,5,6,6,5,4,6,6,,,3,4,3,4,,,6,5,5,4,4,3,,,,,6,6,5,4,4,4,4,3,5,4,5,4,4,4,,,5,5,,,6,5,5,5,5,4,2,1,5,5,,,3,4,5,5,4,5,,,,,,,4,4,,,5,5,4,4,6,5,6,5,4,4,6,6,,,,,,,4,4,2,3,6,5,5,5,5,5,5,4,,,,,5,4,2,4,,,4,4,4,4,3,3,4,4,,,,,5,5,,,5,5,,,,,5,5,4,4,,,5,4,,,,,,,,,6,6,4,4,,,,,,,,,,,8,5,3,4,4,4,5,4,,,,,,,,,,,4,4,,,,,3,4,8,8,2,5,,,,,5,5,4,4,5,5,,,8,5,,,,,5,3,,,5,4,,,8,5,,,3,4,8,5,2,4,4,4,5,5,3,4,,,,,,,,,,,,,,,5,8,,,,,,,,,2,3,,,2,4,6,6,,,,,5,8,,,4,4,,,3,4,,,,,,,2,4,,,,,3,4,5,4,,,,,4,4,,,,,4,4,,,,,,,4,4,,,,,,,2,4,4,4,2,5,2,3,2,5,,,,,,,,,,,,,4,4,,,,,4,3,5,4,,,3,4,8,4,,,3,4,,,,,,,,,,,,,8,4,3,4,,,,,,,2,5,5,5,6,6,,,2,4,,,3,4,4,4,,,4,4,2,4,,,,,2,5,,,6,6,3,4,,,2,4,,,8,8,,,,,,,8,8,,,,,1,8,,,,,4,4,2,3,,,5,5,2,8,,,3,4,,,,,,,,,,,3,3,,,2,4,,,2,5,4,4,,,3,5,8,5,2,1,,,2,4,,,,,,,4,2,,,,,3,4,,,,,,,,4,2,2,2,2,2,2,2,1,1,3,6,5,6,5,6,2,1,2,4,1,1,1,2,2,1,2,1,4,1,2,1,3,1,2,2,2,2,2,4,4,3,3,3,4,5,5,6,5,5,4,5,4,5,4,5,5,4,4,4,3,4,4,4,4,5,3,4,4,2,2,5,4,4,3,4,4,4,4,4,4,4,4,4,4,4,5,5,3,4,4,4,4,4,,17,17,16,16,16,16,64,"26,61,132",nope,nope,sometimes i was divided on which dot to put because i was in between some answer choices (ex. agree vs strongly agree),1,85,1,,,6,6,6,1,59225,NI,Below
21,2,,2,,4,7,1,2,,1,,9,,1,,,,,,,,,,,,,,,,,,,,,,,,,,,,,,"financial stability, family support, friend support",4,4,2,4,5,4,3,4,4,4,2,5,,,5,5,,,,,,,2,6,,,,,,,2,6,3,6,4,5,4,6,4,6,,,,,,,,,,,2,6,,,,,1,7,,,,,1,6,3,5,,,4,6,2,6,3,6,,,3,6,2,6,1,7,6,6,3,6,,,,,,,,,3,6,,,,,,,,,,,,,,,2,6,,,4,6,,,,,5,6,,,,,4,6,,,5,6,2,6,,,,,,,,,5,6,,,,,,,3,6,4,6,6,6,,,1,7,2,6,4,6,,,,,,,,,1,6,4,6,4,6,,,,,,,,,,,,,2,6,3,6,,,1,7,1,6,,,,,,,,,2,6,4,6,,,3,8,,,5,5,2,6,,,,,4,8,,,,,1,6,1,6,4,8,,,,,8,8,4,8,5,8,,,,,,,1,6,,,,,3,8,2,8,4,8,4,8,4,8,3,8,1,8,,,,,,,2,8,,,5,8,,,,,,,5,8,5,8,,,,,,,1,6,,,2,5,,,8,8,2,8,,,,,,,,,,,,,3,8,2,8,5,8,2,8,2,8,3,8,,,4,8,5,6,3,8,2,8,,,3,8,,,,,,,,,,,2,8,3,8,2,8,,,4,8,1,8,5,8,,,2,8,5,8,,,,,4,8,2,8,,,,,5,8,,,3,8,3,8,,,,,2,8,8,8,,,,,,,,,,,3,8,8,8,,,,,4,8,3,8,8,8,,,2,8,2,8,2,8,,,,,4,8,,,,,,,3,8,4,8,,,5,8,8,8,2,8,,,,,3,8,,,8,8,,,,,,,5,8,,,3,8,,,,,3,8,,,3,8,4,8,5,8,,,5,8,,,,,5,8,,,4,8,,,,,5,8,2,8,,,4,5,5,8,,,1,8,5,8,4,8,,,4,8,,,,,3,8,2,8,4,8,2,8,3,8,8,8,3,8,,,8,8,,,3,8,,,,,8,8,,,,,,,5,8,,,2,8,8,8,4,8,,,5,8,4,8,,,5,8,4,8,5,8,,6,2,2,3,3,1,1,3,2,2,2,3,5,5,2,1,2,1,1,4,1,3,2,2,1,2,1,2,3,2,1,2,3,1,2,2,2,1,1,5,5,1,1,5,5,5,6,2,5,2,6,4,4,5,5,5,6,2,2,2,2,5,6,5,5,6,6,6,5,3,2,5,1,2,3,4,3,3,2,4,3,4,2,4,2,2,1,1,2,1,1,3,2,2,,16,17,14,14,14,14,"23,27,61","44,61,74",no,no,no,1,50,2,no,no,7,6,4,1,58802,CONT,
20,1,,"1,2,3,6,8",,4,4,1,2,,1,,9,,6,,,,,,,,,,,,,,,,,,,,,,,,,I feel powerless to improve humanity. It feels as if the previous generations of people have set us up for failure economically as well as environmentally. We cannot do anything to reverse the damages they have caused in order to get ahead and gain more money than anyone would ever need. I feel a shame to be a part of these people and forced to consume the things they make necessary to live. ,1.276,1.276,179.508,1,,2,1,4,3,2,4,3,2,4,4,2,3,5,7,,,5,5,,,7,7,,,,,6,7,3,4,,,6,7,,,4,7,3,7,4,7,6,7,,,,,4,7,,,5,4,5,6,4,4,4,4,,,,,6,7,,,,,,,,,,,,,6,7,,,,,,,,,4,5,,,5,7,5,7,6,7,4,2,5,7,6,7,,,,,3,6,2,7,,,,,5,7,,,,,,,3,6,,,4,4,4,5,,,4,6,7,7,,,4,1,,,,,,,5,4,6,7,,,5,7,5,7,,,,,,,,,4,4,,,5,5,4,1,7,7,6,7,1,7,6,7,3,5,,,,,5,4,,,,,,,,,,,,,,,,,6,7,,,,,3,6,,,6,6,3,6,8,6,5,8,1,6,,,5,6,4,4,3,6,,,4,6,,,,,,,4,4,,,8,6,8,6,4,8,1,6,,,,,8,6,3,6,4,4,,,,,4,5,,,4,6,4,4,6,6,,,4,6,,,3,6,4,4,,,,,4,4,3,8,2,6,4,6,5,8,,,,,4,4,,,1,6,,,1,6,,,,,,,8,8,6,6,,,1,6,,,5,6,,,,,,,,,3,5,,,3,6,,,,,,,4,6,4,6,2,6,3,4,,,8,8,,,,,4,4,,,,,,,,,,,,,,,,,8,6,,,4,4,5,6,2,6,,,5,5,2,8,,,5,6,3,6,,,3,6,,,,,2,8,5,8,6,6,2,8,,,,,4,6,,,1,6,,,1,6,,,8,6,,,,,1,6,3,4,,,,,4,5,4,4,1,6,,,,,5,2,2,8,8,6,,,4,6,2,6,,,,,,,,,,,,,4,1,,,4,4,,,6,6,,,5,6,5,6,,,5,6,5,4,3,8,8,6,6,6,,,2,6,3,4,,,4,4,1,6,2,6,4,4,,,,,,,,,4,4,,,,,,,1,6,1,6,,,,,1,6,1,6,,,,,,,,,4,4,,,,,,,,,5,6,8,6,2,8,,,4,5,,,,,,,5,6,,,,,3,6,2,4,2,1,4,4,2,4,4,1,3,2,5,4,5,1,1,1,4,4,1,1,1,4,1,1,2,4,1,1,1,4,1,1,1,1,4,4,2,2,5,4,5,3,2,2,4,3,2,1,6,2,4,2,5,6,6,6,6,6,1,1,1,1,1,1,6,6,1,1,1,6,6,6,6,6,6,6,6,6,6,6,6,6,6,6,6,6,6,6,6,6,6,"1,2,4,5",17,15,11,14,11,14,,,I felt that it was strange that the survey questions implied that I could not have a sense of who I am and have core beliefs that I follow while also being open to change my mind about things. I find this as a common trait among my peers. I am always open to hear another perspective and take that into my understanding of how I thought that a specific thing worked. I do not think that shows that I am unsure of who I am or my core principles. ,,,1,100,2,,,6,6,6,1,58691,SU,
24,1,,4,,4,7,1,2,Spanish,1,,1,,7,,,,,,,,,,,,,,,,,,,,,,,,,,,,,,I feel as if I am going in the right direction not only in my life but career-wise as well. I have gained so much experience in my life that I strongly believe that my future will be secured after I finish here at UCR. ,1,1,2,2,4,1,1,2,1,2,3,3,,,2,2,,,4,4,,,1,1,,,,,,,5,4,,,3,2,,,,,,,,,,,2,1,3,2,4,3,4,4,,,,,,,6,6,4,,,,2,1,4,4,5,4,6,5,3,2,4,4,,,,,6,5,3,2,4,4,6,5,3,2,,,,,,,,,2,1,,,6,6,4,4,4,4,,,4,4,3,2,,,,,,,4,3,,,4,4,,,,,4,4,,,,,2,2,,,,,2,2,,,,,,,4,4,,,,,1,1,5,4,4,4,5,4,,,5,4,,,,,,,,,2,1,,,,,5,4,4,4,,,1,1,3,3,3,2,4,4,4,4,,,3,3,4,4,,,3,2,2,1,,,,,,,,,,,4,4,,,,,,,8,5,,,1,1,,,,,3,3,1,1,,,3,2,3,2,4,4,,,,,8,4,3,2,,,,,,,5,4,,,,,,,3,3,2,4,,,2,1,2,1,,,,,,,3,2,4,4,,,8,5,4,4,,,,,,,4,3,2,1,1,2,,,3,2,,,2,2,5,4,,,,,,,2,2,,,1,2,,,,,,,1,1,2,1,,,1,4,,,2,1,2,2,3,2,4,3,1,1,,,,,2,2,,,1,1,3,3,,,1,1,,,4,4,,,1,2,1,1,3,2,2,1,,,,,,,,,,,1,1,3,3,,,2,2,,,2,1,4,4,,,,,3,1,,,,,2,1,1,1,1,1,2,1,,,2,1,,,2,1,,,1,1,6,8,8,5,,,,,1,1,1,1,1,1,,,,,,,,,4,3,,,,,3,2,1,1,,,,,2,1,1,1,2,1,,,,,4,4,,,2,1,,,1,2,,,3,2,,,,,1,1,,,,,,,,,1,1,4,4,,,,,3,3,,,,,,,,,1,1,1,1,1,1,2,2,,,3,2,2,1,1,1,,,,,3,2,4,4,,,,,2,1,,,3,2,3,2,,,2,1,1,1,4,4,1,,,,,,,,1,1,,,3,3,,,1,1,,,3,2,2,5,,,3,4,2,3,3,4,2,4,4,1,5,4,4,2,1,2,1,1,1,2,1,2,3,4,1,2,2,2,1,1,1,2,1,2,1,1,3,3,2,1,2,3,2,2,1,3,5,4,4,4,3,2,1,1,2,5,2,4,4,5,4,5,6,6,6,6,3,5,2,1,1,2,2,1,3,3,2,2,5,4,5,5,6,2,1,2,3,3,3,3,1,1,1,,12,17,13,17,11,14,"1,4,24,25,30,44,46,47,76,86,87,88,108,109,110,114,127,128,129,131,133,134,140","1,3,4,19,22,24,27,35,46,47,48,64,65,66,69,79,80,86,87,90,102,105,110,126,130,147,148",Not at all,Not in the slightest ,none,2,86,3,All studies have an underlying motive beneath them. They are covered up by harmless and unknowingly bias in it. ,none ,5,6,5,1,58649,CONT,
29,1,,4,,3,8,2,2,Spanish,1,,9,,2,,,,,,,,,,,,,,,,,,,,,,,,,"Education, Job security, mental health",15.475,15.475,69.142,1,,2,1,1,3,3,1,4,1,1,1,5,2,6,6,5,6,,,,,,,,,5,6,,,4,4,,,,,,,,,,,5,6,5,6,6,6,,,6,6,5,6,6,6,,,5,6,5,6,5,5,4,4,5,6,,,5,5,6,7,,,4,7,7,7,,,4,4,,,6,6,6,7,2,4,,,,,5,6,,,2,6,6,6,6,6,,,,,,,,,5,6,,,,,5,6,6,7,7,7,,,5,6,,,,,4,6,,,,,,,,,4,5,4,4,5,6,,,,,,,6,6,,,5,6,,,,,4,4,6,6,5,5,,,,,6,7,6,6,5,6,,,2,6,,,,,6,7,,,,,5,6,6,6,,,5,6,5,6,5,6,,,5,5,,,,,5,8,4,4,,,8,6,5,5,,,4,4,8,8,8,6,,,8,6,,,5,5,,,,,,,8,6,,,,,,,,,,,,,,,5,8,4,4,,,8,8,,,5,5,,,,,8,8,,,,,2,6,4,4,,,,,,,8,6,,,5,8,5,8,,,8,8,3,5,2,6,,,1,8,4,8,,,,,3,5,8,8,8,6,5,5,,,4,4,,,,,4,5,1,6,,,3,8,2,8,3,8,1,6,,,,,,,,,1,6,5,5,,,,,,,,,,,,,2,8,3,5,2,8,4,4,,,,,,,,,2,8,2,8,,,3,5,1,6,4,5,,,1,6,,,3,4,,,1,8,,,1,6,,,1,6,,,,,4,4,,,,,,,,,,,2,8,,,4,8,,,,,1,8,1,8,,,,,2,8,1,6,1,6,,,2,8,5,8,,,5,5,2,8,,,2,5,,,2,8,2,8,,,5,5,1,6,,,,,1,6,,,,,,,,,,,4,5,5,8,,,,,,,,,1,6,,,,,,,4,4,,,3,,2,8,,,,,,,,,5,8,2,8,,,2,6,,,,,1,6,4,4,8,6,5,5,2,5,,,1,8,,,,,5,5,,,4,5,,,,,1,6,3,5,2,4,,,,,2,8,4,5,4,8,,,,,5,8,3,6,2,2,1,1,3,3,1,3,4,1,5,2,5,5,2,1,1,1,4,3,3,3,2,3,1,2,3,3,1,1,1,3,1,1,1,1,4,5,1,1,5,3,6,2,1,2,3,5,5,6,6,2,2,4,2,6,6,6,5,6,4,4,5,3,3,2,3,5,3,3,3,4,3,4,4,5,5,5,5,5,6,6,5,3,5,6,6,5,5,3,6,6,5,,14,17,11,17,15,17,"9,66,69","23,37,43,52,74,88,106,108",I was not familiar with some of the words used in the assessments.,no.,no.,1,77,1,,"There was a grammatical error, the word constructive was misspelled.",7,6,7,1,58734,SU,
19,2,,4,,4,2,1,2,spanish,3,,9,,7,,,,,,,,,,,,,,,,,,,,,,,,,"1. Career/Success
2. Mental Health
3. Independence ",5.519,59.628,62.092,11,,5,3,5,5,3,3,4,4,4,4,3,3,3,4,4,2,,,,,,,3,2,2,5,5,4,4,4,2,7,4,3,,,4,6,5,4,,,,,,,6,5,,,4,2,6,5,6,7,4,2,,,,,,,,,2,5,2,2,,,4,3,5,5,,,,,3,5,,,,,,,,,4,3,4,5,,,5,6,,,,,,,,,3,5,,,,,,,4,4,,,4,3,3,2,,,,,,,4,7,3,6,4,6,,,3,4,4,3,1,7,,,,,,,2,7,,,,,,,,,1,7,4,3,6,6,,,4,6,4,5,,,,,,,4,7,,,2,5,6,7,,,5,3,,,,,,,,,3,5,3,5,,,,,3,5,,,,,5,2,,,4,5,3,5,5,3,3,4,,,4,4,4,8,4,2,5,6,6,6,4,4,,,,,1,6,,,8,3,,,,,,,3,8,5,3,,,,,3,4,2,5,4,5,,,,,4,4,,,,,4,5,3,6,2,8,1,6,,,,,2,8,,,,,,,,,4,6,,,,,,,,,2,8,2,5,,,4,3,4,2,5,6,6,6,8,1,6,6,2,5,,,2,8,,,3,6,,,,,,,,,4,3,8,8,,,5,4,,,,,4,4,,,,,,,4,5,4,3,5,6,,,4,2,5,5,3,5,8,8,8,6,,,8,8,,,,,,,,,2,8,,,3,5,,,,,3,4,5,8,,,2,8,,,,,,,4,5,3,2,5,2,,,4,6,5,4,,,2,8,6,6,,,,,,,,,2,5,,,6,4,,,4,4,1,8,2,4,,,,,6,6,4,8,6,6,2,4,8,2,4,3,,,,,,,,,,,5,3,,,4,3,4,3,,,,,,,,,,,,,8,6,6,6,5,4,,,,,8,4,,,,,6,5,4,5,,,8,5,5,3,3,5,4,6,,,,,5,4,,,8,4,5,3,,,,,,,5,3,,,,,,,1,8,,,,,4,2,4,2,8,6,,,6,6,,,4,5,5,8,8,4,2,8,,,4,8,8,4,,,,,,,,,8,6,,,3,,4,1,3,4,1,1,3,1,1,3,1,1,1,2,1,2,2,3,4,1,4,3,4,1,4,3,4,2,2,4,2,2,4,3,4,4,2,2,3,1,2,3,1,4,4,5,5,2,2,3,1,2,2,3,2,1,5,5,4,3,2,3,5,4,5,3,3,2,4,4,2,4,4,2,3,4,4,4,6,5,5,6,6,2,6,3,1,2,2,1,2,2,1,,17,17,14,14,14,14,"2,9,18,23,41,44,64,66,70,99,107","3,21,23,25,33,37,44,61,62,71,74,89,101,109,129,133,146",The big words; I had to google alot of big words. ,"Yes, I began to think and at times I felt a little sad when I knew the answers.",Yes. ,1,72,1,,,5,6,7,1,59270,SU,
21,1,,4,,4,4,3,2,Spanish,1,,2,,6,,5,3,4,5,4,3,4,5,4,2,3,1,4,4,1,0,0,122.18,0,,,,,,,,,,,4,5,4,5,3,2,5,4,5,5,2,5,,,,,5,5,4,5,5,4,4,5,,,,,,,4,5,4,5,4,5,3,5,4,5,,,,,3,5,4,4,,,,,,,5,5,,,,,,,,,,,3,4,,,,,5,5,,,,,6,6,,,3,5,,,,,,,5,6,7,7,,,4,5,,,,,,,6,5,,,4,5,5,5,,,,,5,5,,,5,6,,,4,5,,,,,,,,,5,6,,,3,4,6,5,5,5,,,3,4,4,5,5,5,4,5,,,2,5,,,5,4,3,5,,,,,,,6,6,3,4,,,,,,,3,5,,,3,5,4,5,,,3,5,5,5,,,,,5,4,3,4,,,,,2,6,,,,,4,5,4,5,,,8,8,,,,,,,,,,,,,,,,,5,4,8,8,5,5,2,8,3,5,,,5,5,4,5,2,5,,,5,5,5,5,,,,,,,3,5,8,8,,,4,8,5,5,2,5,,,4,4,,,8,8,,,4,4,2,5,4,5,,,,,,,,,3,4,5,4,,,,,8,8,,,,,,,,,,,5,5,,,,,4,5,,,3,5,,,5,4,5,5,3,5,,,,,,,,,3,5,4,5,8,8,4,4,,,,,3,5,4,5,,,,,2,5,4,4,,,4,,,,5,5,4,5,3,5,5,5,4,5,,,3,5,4,4,,,,,,,4,4,,,3,5,,,,,,,5,5,,6,5,5,,,3,5,8,8,,,4,5,4,5,,,,,3,5,,,4,5,,,,,3,8,,,3,5,2,5,4,5,,,5,5,,,3,5,5,8,,,,,,,,,4,5,,,4,5,,,,,5,4,3,4,3,5,5,5,4,5,,,3,4,4,5,5,5,5,5,3,8,,,,,2,8,5,4,,,5,5,,,5,4,4,5,4,5,,,,,,,,,4,5,3,5,4,5,2,5,,,,,3,,,,3,8,5,8,,,,,,,,,,,3,5,2,5,1,8,4,4,,,,,,,4,4,4,4,,,,,,,3,5,,,,,4,5,,,3,5,3,4,,,,,3,2,3,2,1,1,3,2,2,3,3,3,3,3,2,1,2,3,4,1,4,2,3,1,4,4,2,3,2,2,2,3,1,2,3,2,3,2,2,3,3,4,3,3,5,4,5,6,3,3,2,5,2,5,3,6,2,4,4,5,5,6,5,5,6,5,5,2,5,5,2,4,2,5,4,3,3,3,3,1,5,4,3,2,3,4,3,3,1,3,3,3,3,1,17,14,14,14,15,14,"2,9,44,100,130","44,52,93",Many questions about your body like being aware of it or emotionally tied to it. I did not understand those questions at all,no,no,1,56,2,,,6,5,5,1,58097,NI,Above
20,2,,2,,4,6,2,2,Chinese,1,,10,none,7,none,2,5,2,4,4,4,2,4,4,4,4,4,4,4,4,,,,,9.626,11.852,17.764,2,,,,,,,2,4,4,2,2,2,3,2,2,2,4,2,,,,,3,5,4,5,3,6,,,,,5,6,,,,,,,5,6,,,,,4,5,5,6,5,6,,,5,6,,,,,,,,,5,6,4,6,4,6,,,,,,,3,6,,,,,5,6,6,6,5,6,6,6,2,6,6,6,5,6,,,,,,,,,5,6,,,6,6,7,7,7,6,,,5,6,5,6,,,,,,,,,6,6,6,6,,,6,6,6,6,,,5,6,6,6,,,,,5,6,6,6,5,6,,,3,5,6,6,6,6,7,6,,,,,,,6,6,,,,,7,6,6,6,,,,,5,6,,,,,,,,,,,1,6,,,3,6,,,,,6,6,5,6,,,5,6,6,6,5,6,6,8,,,,,,,,,3,8,8,5,4,4,,,,,5,8,,,5,8,5,8,,,8,8,,,8,8,8,8,5,8,,,3,8,5,8,8,8,4,8,,,,,8,8,,,,,3,5,2,8,,,,,,,5,8,2,8,8,8,,,,,8,8,8,8,5,8,,,3,8,8,8,5,8,8,8,,,,,1,6,,,3,5,,,,,,,,,,,2,8,,,8,8,3,8,3,5,,,3,8,2,5,,,,,2,8,,,3,5,3,8,,,2,8,5,8,2,8,,,2,8,2,5,2,6,,,,,,,,,,,2,8,,,5,4,3,5,2,8,1,5,,,5,8,,,6,8,4,8,,,,,,,2,5,,,,,2,8,,,,,,,2,8,,,,,2,3,,,3,5,8,5,2,8,2,8,2,8,2,5,3,8,5,8,1,5,,,,,,,,,2,8,,,,,,,2,8,,,,,3,8,2,8,,,4,8,,,,,8,8,,,,,,,,,5,8,2,8,2,8,,,,,,,,,3,8,2,8,,,5,8,,,,,,,2,8,,,5,8,,,,,3,8,2,8,,,2,8,,,,,3,8,3,8,2,8,,,2,8,2,5,5,8,,,,,,,,,,,,,2,8,,,3,8,,,,,,,,,2,8,,,3,8,3,8,,,3,8,2,5,,,3,8,,6,1,3,2,2,3,3,2,1,3,1,6,6,6,6,6,1,1,1,4,3,2,1,3,3,1,1,2,3,1,1,1,3,1,1,1,1,2,4,3,2,4,2,6,3,5,5,5,2,6,5,6,3,5,3,3,5,3,5,4,5,3,4,5,5,5,5,5,4,3,4,4,3,4,4,3,4,3,5,4,5,5,6,5,5,5,6,4,5,3,4,5,5,5,5,16,16,14,16,14,16,"2,6,31,45,69,90,100,137,141,148","1,23,35,64,71,85,87",There were too much words I answered which makes me stressed,None,no,1,81,2,,good research,6,5,6,1,50221,NI,Below
20,1,,3,,4,6,1,2,Arabic,1,,2,,7,not political,,,,,,,,,,,,,,,,,,,,,,,,,,,,,"Three aspects of my life that make me feel certain about myself would be my ethnicity, my ambition, and my family. I am very proud to be a Lebanese immigrant, and I take pride in being able to pursue such goals in the United States. I will always strive to be better and seek higher-ranking positions in my life no matter what they may be. Finally, my family keeps me grounded, I love them dearly and all that they have done for me and I want to try and repay them in any way I could. ",3,5,5,5,2,3,2,3,4,4,5,2,5,6,4,4,,,,,4,4,5,5,5,6,,,3,5,5,7,4,6,3,5,,,,,,,5,6,,,,,5,5,,,,,5,7,,,,,6,6,5,7,2,7,,,1,7,,,4,4,,,,,,,,,,,,,5,6,3,6,,,6,7,6,6,,,,,2,4,6,6,,,,,5,4,,,,,5,6,5,7,6,7,4,5,,,5,5,6,7,5,6,5,6,,,,,7,7,,,,,,,4,7,,,5,6,,,5,7,,,,,,,5,7,5,5,,,7,7,6,7,5,4,4,4,5,7,,,,,,,,,2,5,,,5,6,5,4,6,5,,,4,4,,,4,6,,,,,5,6,5,7,1,6,,,,,3,4,,,6,8,5,6,,,,,,,8,8,,,,,,,,,,,,,,,,,4,4,5,8,4,5,,,,,,,,,,,5,5,,,4,5,2,5,,,5,8,,,,,,,2,4,,,,,,,4,4,,,,,,,4,4,,,,,,,,,,,,,,,,,4,4,1,6,,,4,4,4,8,4,8,,,8,6,,,1,4,,,5,6,3,8,3,5,,,2,8,,,1,8,,,2,1,3,8,3,5,,,1,6,,,,,2,5,,,,,,,5,8,,,,,,,2,5,,,2,4,1,8,1,8,,,5,8,4,4,,,,,2,5,,,2,5,,,2,5,4,5,2,5,1,5,,,1,5,,,3,4,,,4,4,1,8,,,1,4,,,5,4,,,3,5,,,2,5,2,5,5,8,,,2,8,5,3,3,5,6,6,,,3,5,,,,,,,,,1,4,4,4,,,2,8,3,5,2,4,,,5,5,3,4,4,5,,,1,6,8,6,5,8,,,,,,,,,4,4,5,8,5,5,4,4,,,5,8,,,3,5,,,,,,,,,,,1,3,2,6,3,5,,,3,8,,,,,,,1,6,,,1,5,,,2,5,2,4,3,6,,,,,,,4,4,4,5,,,1,4,,,2,4,,,1,5,,,4,4,1,6,2,8,,,4,3,5,8,3,,2,3,2,2,3,4,2,1,1,2,5,1,5,4,2,2,1,3,4,3,3,3,3,3,2,2,3,4,4,3,2,4,2,3,1,2,4,4,2,3,4,3,3,4,6,6,7,7,7,6,1,4,5,6,5,7,5,4,4,6,3,6,6,6,6,4,3,4,3,6,1,4,5,4,5,4,5,4,5,6,6,6,6,3,5,5,6,4,3,5,6,6,6,"1,2",17,17,11,11,16,14,"45,100","37,62",No,It just made me think more about how I feel towards myself and my body,"Sometimes, but I got over it as time went on",1,84,1,,"I liked the part where it talked about listening to your body, I felt that it helped me connect more",7,6,6,1,58476,CONT,
18,1,,2,,6,7,1,2,Mandarin,1,,10,none,1,,4,5,2,5,4,3,1,4,3,2,3,3,5,2,3,27.606,29.605,40.942,4,,,,,,,,,,,1,5,5,4,1,2,4,4,2,1,2,2,,,,,5,5,4,4,,,,,4,5,5,6,,,,,,,,,4,4,5,6,4,4,,,,,6,6,,,5,6,5,6,,,6,7,4,4,,,,,,,4,4,,,7,7,,,,,3,4,3,6,2,6,5,5,6,5,,,,,5,5,,,3,4,3,5,,,2,5,,,4,5,4,4,5,6,6,6,5,6,3,4,6,7,5,6,,,6,7,,,5,5,,,,,6,6,5,6,,,,,5,6,5,6,,,5,5,,,6,7,,,6,7,5,5,,,,,,,6,6,,,,,,,,,,,3,5,5,6,4,4,,,2,5,3,4,6,6,,,5,6,5,5,,,4,4,,,6,6,,,,,,,,,,,5,8,,,4,5,,,,,,,4,4,5,8,,,5,3,4,5,8,8,8,8,,,,,8,8,8,6,,,,,,,2,8,,,,,4,4,2,8,,,,,,,4,4,,,,,3,4,8,6,3,3,,,5,8,1,8,2,4,4,5,,,5,8,,5,,,4,5,5,8,4,5,,,2,6,2,8,1,6,4,4,,,2,8,3,4,,,,,,,2,4,,,1,8,,,1,5,4,5,,,,,3,8,,,2,6,,,3,5,,,,,,,5,5,,,,,,,,,2,8,4,4,4,4,,,,,8,8,5,8,,,4,4,,,,,,,1,6,,,,,2,8,4,4,,,2,8,3,5,2,6,,,,,,,,,2,6,,,3,4,,,5,5,,,,,5,5,,,3,3,,,8,8,,,2,6,,,,,,,5,8,,,5,8,,,,,3,5,,,2,8,3,8,2,8,5,5,,,8,8,3,5,8,5,,,,,1,6,,,6,8,,,3,5,,,,,2,8,2,8,8,6,4,4,,,,,,,,,,,4,4,,,,,,,4,4,1,6,1,6,2,8,4,4,,,,,,,1,6,,,3,5,1,6,4,4,,,4,5,,,1,6,4,8,,,,,,,4,4,8,6,5,5,,,4,5,,,1,6,,,,,,,,,,,4,4,,,,,,,,,3,,3,3,2,1,2,3,1,2,3,2,2,6,5,2,2,2,2,1,4,4,3,1,2,3,1,2,2,3,2,2,2,3,1,2,1,2,4,2,2,3,3,2,3,5,6,3,7,5,4,5,3,6,6,2,5,5,3,6,6,3,4,2,4,3,4,3,5,6,2,3,3,5,5,5,5,5,4,3,2,3,4,3,4,3,3,4,4,5,4,4,5,6,6,1,15,17,14,17,14,15,"2,18,27,44,64,66,91","44,48,54,61,71,101,107",Nope.,Not really.,Not really.,1,70,1,,,6,5,7,1,59232,NI,Above
19,1,,2,,2,3,1,2,"korean, spanish",1,,2,,6,,,,,,,,,,,,,,,,,,,,,,,,,,,,,,"Some aspects that make me feel certain about myself is my relationship with God, even though I fall into sin often, I always have the thought of being able to pick myself back up and repenting. Therefore, I feel saved as I have the privilege to be a child of God. For my future, I have some skills that I can display, but I really want to do CS and it is really hard, so I hope to find the discipline to become studious and learn instead of relying on others. Lastly, my place in the world is whatever it may be, whether it be here in riverside where I can positively impact someone or even change the world by bringing a person to Christ.",4,3,3,5,4,2,3,3,4,3,3,4,5,5,,,,,2,5,,,,,,,,,5,4,4,4,4,5,,,3,5,,,,,4,4,1,5,4,4,,,,,,,,,,,,,,,,,5,6,,,,,2,5,,,4,5,,,4,5,4,4,4,6,,,2,5,2,6,6,5,,,,,4,4,4,4,,,,,4,6,,,5,5,,,,,,,,,,,4,7,,,,,4,6,,,,,,,4,4,,,3,5,3,6,4,4,2,5,,,,,,,5,4,,,5,5,5,5,5,5,,,,,,,,,,,,,5,6,3,5,4,4,,,4,5,4,4,,,5,6,,,,,,,5,5,4,4,4,5,4,4,4,4,4,5,,,,,4,8,5,5,,,,,5,8,,,4,4,6,6,5,5,,,,,3,8,,,,,3,8,8,8,5,8,,,4,4,1,6,4,4,,,3,5,4,4,6,6,4,4,,,5,5,5,8,3,5,5,8,,,,,,,2,8,,,2,6,3,5,4,4,,,5,5,,,5,5,,,,,,,3,5,3,5,,,4,5,1,6,,,,,4,4,,,,,5,5,,,4,5,,,,,3,8,,,,,,,4,4,,,4,5,,,,,4,4,3,5,3,3,,,5,5,,,4,4,4,4,3,8,,,,,,,,,5,5,,,,,4,5,,,4,4,3,6,,,3,4,,,2,8,,,4,4,,,,,,,,,4,4,8,6,,,4,5,,,3,5,,,,,4,5,,,5,4,,,,,,,,,,,,,4,5,,,,,,,,,,,3,5,,,3,5,,,8,8,4,5,,,4,5,,,3,5,,,6,8,,,,,3,8,4,5,,,4,4,3,4,5,4,3,8,5,8,,,5,8,8,8,,,4,5,3,5,8,8,,,4,4,5,5,4,4,3,5,,,2,8,,,,,,,,,3,6,,,6,8,3,5,3,5,,,4,5,,,,,2,6,,,,,3,8,3,5,,,3,5,,,3,5,,,5,5,8,8,,,,,,,4,4,,,4,5,,,4,4,5,8,4,4,4,8,6,6,,6,3,2,3,3,2,2,2,2,2,3,2,2,2,2,1,3,4,2,4,2,4,3,3,2,2,3,3,2,2,2,3,2,2,3,3,2,4,2,4,5,3,4,2,5,5,5,3,5,5,4,5,5,5,4,5,5,6,6,5,5,6,6,6,6,4,5,6,5,4,2,6,4,5,6,4,4,2,5,5,5,4,4,4,2,4,2,3,2,4,4,3,3,4,,17,17,15,17,17,17,"2,23,66,70,112,136","51,74,109",no,no,no,2,87,2,,,6,7,7,1,58197,CONT,
18,2,,2,,6,7,1,1,,1,,1,,1,,,,,,,,,,,,,,,,,,,,,,,,,"'-religon
-race
-political party

i question my religion and whether i should/will follow it in the future. My race sometimes makes me fear for my safety and my political party is mainly stagnant but I feel that I don't know enough",7.952,7.952,106.638,1,,2,4,4,5,4,4,4,2,2,2,4,5,,,5,4,5,6,,,6,6,5,4,,,7,7,,,,,,,5,5,,,6,6,6,6,,,7,7,,,7,6,6,6,5,5,7,7,,,,,6,6,,,6,6,2,6,6,4,,,,,7,7,4,5,,,,,,,7,7,,,,,,,,,1,7,,,,,2,6,7,6,,,7,7,,,4,4,,,6,6,6,7,7,7,,,6,6,4,6,,,,,6,6,6,6,,,7,7,2,5,,,,,,,,,4,4,6,6,,,6,6,,,5,4,,,6,6,7,7,,,6,3,6,6,,,7,7,,,,,6,6,6,6,,,7,7,,,6,6,6,6,6,6,,,,,,,,,6,6,,,5,3,5,5,8,5,,,6,6,,,,,8,8,5,5,,,,,6,6,2,8,,,,,,,,,6,6,,,6,6,,,,,,,5,5,8,8,5,4,,,,,,,6,6,8,8,,,2,5,,,5,4,6,6,,,8,8,,,,,,,6,6,,,8,8,,,5,8,,,5,8,,,6,6,,,,,,,4,4,,,,,,,2,5,,,,,,,2,8,8,8,,,1,1,5,3,1,6,,,2,6,,,2,5,,,,,,,,,1,5,,,5,5,1,5,,,,,1,6,8,4,2,8,6,6,,,3,5,6,6,,,,,,,,,8,8,,,4,4,,,1,5,,,3,5,3,8,2,2,4,5,3,4,8,8,1,5,,,1,8,,,6,6,4,4,,,4,3,2,8,6,5,2,8,,,1,1,2,8,6,8,,,4,4,,,3,5,3,5,6,8,,,2,5,,,2,8,,,,,2,8,,,6,4,,,8,8,,,5,8,,,,,,,6,8,,,2,5,,,,,,,2,8,,,,,6,6,8,8,,,,,3,8,2,5,,,,,1,4,8,8,,,2,8,8,2,1,6,,,,,,,,,,,,,,,,,5,3,1,5,,,,,2,8,,,1,5,2,8,2,8,8,8,,,,,,,,,,,3,8,2,8,2,8,,,,,3,6,,,,,1,8,,,,,3,6,4,1,4,4,1,3,4,4,4,4,7,5,7,5,6,1,3,2,3,4,3,1,1,3,1,1,3,3,1,1,2,3,3,1,2,1,2,4,2,3,4,5,1,1,1,7,7,3,2,6,6,6,6,7,2,3,6,6,6,6,6,6,6,6,6,6,6,6,6,2,6,1,2,5,5,3,3,2,5,3,5,5,5,5,5,6,5,6,4,5,6,6,6,5,17,17,17,17,11,17,,"52,71,89",,,,1,62,1,,,5,6,5,1,58809,SU,
20,2,,2,,6,6,1,2,Lao,3,,10,Buddhist,1,,,,,,,,,,,,,,,,,,,,,,,,,"my place in the world, my future, and what i want my identity to be/who i am as an individual",3.323,3.323,71.204,1,,4,4,4,5,2,4,4,4,5,5,2,5,6,5,,,,,,,,,6,5,6,6,5,6,,,,,,,,,,,6,6,,,5,5,,,6,6,,,6,6,6,6,,,5,5,5,4,4,5,5,5,,,,,,,7,6,5,5,,,3,6,,,6,5,6,5,,,3,6,4,6,6,5,5,4,,,,,4,4,,,6,6,6,5,6,5,,,6,6,7,7,4,5,6,5,6,5,6,6,,,,,,,6,4,,,,,,,,,4,4,6,6,6,6,3,4,5,5,3,6,4,5,6,4,6,5,6,6,,,,,,,,,4,4,,,5,5,3,4,,,,,,,5,5,4,6,3,5,4,5,,,5,5,,,6,5,,,,,,,,,5,5,,,,,3,4,6,6,,,,,5,8,8,4,,,,,,,5,5,6,6,8,8,5,5,5,4,6,6,4,3,,,4,5,8,5,8,8,,,5,5,,,4,4,,,5,8,4,5,3,5,,,,,,,3,5,3,5,,,,,,,,,,,8,5,,,,,5,4,6,8,8,5,,,5,5,,,,,,,5,4,3,5,,,4,5,3,5,,,8,8,,,8,8,8,5,,,,,4,5,,,,,,,2,4,4,5,3,4,,,,,1,8,4,5,,,,,,,,,,,2,5,3,5,4,5,,,,,,,1,8,4,5,3,4,,,,,3,8,2,5,,,4,5,,,,,2,5,3,4,,,,,8,8,2,5,,,,,,,,,,,2,5,4,5,6,6,,,,,2,4,,,3,5,,,4,8,,,,,2,5,,,,,1,6,,,3,5,,,,,,,,,3,8,4,5,4,4,,,3,4,,,,,,,2,8,4,5,3,5,4,4,,,,,,,3,5,,,,,8,8,,,4,5,8,5,,,,,,,3,8,,,,,4,5,,,,,4,5,5,4,,,,,,,2,8,,,3,8,,,1,8,,,2,8,3,8,,,,,,,2,5,,,,,2,8,4,8,,,,,,,5,4,4,5,,,2,4,,,3,5,2,5,4,5,5,4,8,5,,,5,5,5,5,,,,,,,2,2,2,2,2,2,2,2,3,2,4,5,4,3,3,2,1,1,4,2,1,1,3,1,1,1,2,3,2,2,2,2,2,2,2,2,4,4,4,2,3,4,3,6,6,5,5,5,4,5,3,4,5,4,6,5,4,5,5,5,5,5,5,6,5,5,3,3,5,5,3,4,4,4,3,4,4,4,4,5,5,5,5,5,5,4,6,5,5,5,6,6,6,2,17,17,16,15,16,17,"23,44,64,107,130","44,48,51,71,74",n/a,"i was a little affected because i normally don't think of my beliefs or feelings on a daily basis. most of the time, i feel numb.",n/a,1,89,1,n/a,n/a,5,6,6,1,58907,SU,
,,,,,,,,,,,,,,,,3,4,4,3,3,3,3,4,3,4,3,4,4,3,4,0,0,24.273,0,,,,,,,,,,,,,,,,,,,,,,,,,,,,,,,,,,,,,,,,,,,,,,,,,,,,,,,,,,,,,,,,,,,,,,,,,,,,,,,,,,,,,,,,,,,,,,,,,,,,,,,,,,,,,,,,,,,,,,,,,,,,,,,,,,,,,,,,,,,,,,,,,,,,,,,,,,,,,,,,,,,,,,,,,,,,,,,,,,,,,,,,,,,,,,,,,,,,,,,,,,,,,,,,,,,,,,,,,,,,,,,,,,,,,,,,,,,,,,,,,,,,,,,,,,,,,,,,,,,,,,,,,,,,,,,,,,,,,,,,,,,,,,,,,,,,,,,,,,,,,,,,,,,,,,,,,,,,,,,,,,,,,,,,,,,,,,,,,,,,,,,,,,,,,,,,,,,,,,,,,,,,,,,,,,,,,,,,,,,,,,,,,,,,,,,,,,,,,,,,,,,,,,,,,,,,,,,,,,,,,,,,,,,,,,,,,,,,,,,,,,,,,,,,,,,,,,,,,,,,,,,,,,,,,,,,,,,,,,,,,,,,,,,,,,,,,,,,,,,,,,,,,,,,,,,,,,,,,,,,,,,,,,,,,,,,,,,,,,,,,,,,,,,,,,,,,,,,,,,,,,,,,,,,,,,,,,,,,,,,,,,,,,,,,,,,,,,,,,,,,,,,,,,,,,,,,,,,,,,,,,,,,,,,,,,,,,,,,,,,,,,,,,,,,,,,,,,,,,,,,,,,,,,,,,,,,,,,,,,,,,,,,,,,,,,,,,,,,,,,,,,,,,,,,,,,,,,,,,,,,,,,,,,,,,,47001,NI,Above